sec,msg_type,channel,note,velocity,dynamic,accent,count,main_vol,depth,pedal,pan
0.0,['note_on'],[0],[60],[54],p,0,1,127,0,"[112, 120, 126, 127]",62
0.1,['note_on'],[0],[64],[36],pp,0,1,0,0,0,0
0.2,[],[],[],[],,0,0,0,0,0,0
0.3,['note_on'],[0],[67],[53],p,0,1,0,0,0,0
0.4,[],[],[],[],,0,0,0,0,0,0
0.5,['note_on'],[0],[72],[51],p,0,1,0,0,0,0
0.6,[],[],[],[],,0,0,0,0,0,0
0.7,[],[],[],[],,0,0,0,0,0,0
0.8,['note_on'],[0],[76],[54],p,0,1,0,0,0,0
0.9,[],[],[],[],,0,0,0,0,0,0
1.0,['note_on'],[0],[67],[49],p,0,1,0,0,0,0
1.1,[],[],[],[],,0,0,0,0,0,0
1.2,['note_on'],[0],[72],[44],pp,0,1,0,0,0,0
1.3,[],[],[],[],,0,0,0,0,0,0
1.4,['note_on'],[0],[76],[53],p,0,1,0,0,0,0
1.5,[],[],[],[],,0,0,0,0,0,0
1.6,['note_on'],[0],[60],[48],pp,0,1,0,0,"[122, 100, 76, 50, 0]",0
1.7,[],[],[],[],,0,0,0,0,0,0
1.8,['note_on'],[0],[64],[38],pp,0,1,0,0,"[2, 14, 26, 36]",0
1.9,[],[],[],[],,0,0,0,0,"[46, 56, 64, 70, 78, 88, 94, 100, 106, 110]",0
2.0,['note_on'],[0],[67],[58],p,0,1,0,0,"[116, 122, 126, 127]",0
2.1,[],[],[],[],,0,0,0,0,0,0
2.2,['note_on'],[0],[72],[61],p,0,1,0,0,0,0
2.3,[],[],[],[],,0,0,0,0,0,0
2.4,['note_on'],[0],[76],[56],p,0,1,0,0,0,0
2.5,[],[],[],[],,0,0,0,0,0,0
2.6,['note_on'],[0],[67],[54],p,0,1,0,0,0,0
2.7,['note_on'],[0],[72],[61],p,0,1,0,0,0,0
2.8,[],[],[],[],,0,0,0,0,0,0
2.9,['note_on'],[0],[76],[63],mp,0,1,0,0,0,0
3.0,[],[],[],[],,0,0,0,0,0,0
3.0,['note_on'],[0],[60],[56],p,0,1,0,0,"[114, 94, 44, 12, 0]",0
3.1,['note_on'],[0],[62],[61],p,0,1,0,0,0,0
3.2,[],[],[],[],,0,0,0,0,"[6, 18, 28, 38, 48]",0
3.3,['note_on'],[0],[69],[66],mp,0,1,0,0,"[58, 66, 74, 82, 90, 96, 104, 110, 118, 124]",0
3.4,[],[],[],[],,0,0,0,0,127,0
3.6,[],[],[],[],,0,0,0,0,0,0
3.7,['note_on'],[0],[74],[80],mf,1,1,0,0,0,0
3.8,['note_on'],[0],[77],[82],mf,1,1,0,0,0,0
3.9,[],[],[],[],,0,0,0,0,0,0
4.0,[],[],[],[],,0,0,0,0,0,0
4.1,['note_on'],[0],[69],[66],mp,0,1,0,0,0,0
4.2,[],[],[],[],,0,0,0,0,0,0
4.3,['note_on'],[0],[74],[85],mf,1,1,0,0,0,0
4.4,[],[],[],[],,0,0,0,0,0,0
4.5,['note_on'],[0],[77],[87],mf,1,1,0,0,0,0
4.6,[],[],[],[],,0,0,0,0,0,0
4.7,['note_on'],[0],[60],[66],mp,0,1,0,0,0,0
4.8,[],[],[],[],,0,0,0,0,"[120, 102, 82, 36, 10, 0]",0
4.9,[],[],[],[],,0,0,0,0,0,0
5.0,['note_on'],[0],[62],[61],p,0,1,0,0,1,0
5.1,['note_on'],[0],[69],[73],mp,0,1,0,0,"[16, 28, 40, 54, 62, 72, 80, 90, 96, 102, 110]",0
5.2,['note_on'],[0],[74],[73],mp,0,1,0,0,"[118, 126, 127]",0
5.3,['note_on'],[0],[77],[80],mf,1,1,0,0,0,0
5.4,[],[],[],[],,0,0,0,0,0,0
5.5,[],[],[],[],,0,0,0,0,0,0
5.6,['note_on'],[0],[69],[61],p,0,1,0,0,0,0
5.7,[],[],[],[],,0,0,0,0,0,0
5.8,['note_on'],[0],[74],[82],mf,1,1,0,0,0,0
5.9,[],[],[],[],,0,0,0,0,0,0
6.0,[],[],[],[],,0,0,0,0,0,0
6.1,[],[],[],[],,0,0,0,0,0,0
6.2,[],[],[],[],,0,0,0,0,0,0
6.0,"['note_on', 'note_on']","[0, 0]","[77, 59]","[73, 54]",mp,0,2,0,0,"[120, 98, 74, 44]",0
6.1,[],[],[],[],,0,0,0,0,0,0
6.2,['note_on'],[0],[62],[43],pp,0,1,0,0,0,0
6.3,[],[],[],[],,0,0,0,0,"[4, 12, 20, 28, 36]",0
6.4,['note_on'],[0],[67],[61],p,0,1,0,0,"[40, 48, 56, 60, 65, 70, 74, 78, 84, 90]",0
6.5,[],[],[],[],,0,0,0,0,"[92, 98, 102, 108, 110, 114]",0
6.8,[],[],[],[],,0,0,0,0,"[118, 122, 124, 127]",0
6.7,['note_on'],[0],[74],[47],pp,0,1,0,0,0,0
6.8,['note_on'],[0],[77],[56],p,0,1,0,0,0,0
6.9,[],[],[],[],,0,0,0,0,0,0
7.0,['note_on'],[0],[67],[51],p,0,1,0,0,0,0
7.1,[],[],[],[],,0,0,0,0,0,0
7.2,['note_on'],[0],[74],[51],p,0,1,0,0,0,0
7.6,['note_on'],[0],[77],[61],p,0,1,0,0,0,0
7.7,[],[],[],[],,0,0,0,0,0,0
7.8,[],[],[],[],,0,0,0,0,0,0
7.9,[],[],[],[],,0,0,0,0,0,0
8.0,[],[],[],[],,0,0,0,0,0,0
8.1,['note_on'],[0],[59],[53],p,0,1,0,0,"[118, 96]",0
8.2,[],[],[],[],,0,0,0,0,"[10, 0]",0
8.3,['note_on'],[0],[62],[47],pp,0,1,0,0,0,0
8.4,[],[],[],[],,0,0,0,0,"[10, 20, 30, 40, 48, 58, 62, 68]",0
8.5,['note_on'],[0],[67],[54],p,0,1,0,0,"[74, 80, 88, 94, 100, 108, 114, 118, 124, 127]",0
8.5,['note_on'],[0],[74],[48],pp,0,1,0,0,0,0
8.5,['note_on'],[0],[77],[56],p,0,1,0,0,0,0
8.6,[],[],[],[],,0,0,0,0,0,0
8.9,['note_on'],[0],[67],[58],p,0,1,0,0,0,0
9.0,[],[],[],[],,0,0,0,0,0,0
9.1,['note_on'],[0],[74],[56],p,0,1,0,0,0,0
9.2,[],[],[],[],,0,0,0,0,0,0
9.3,[],[],[],[],,0,0,0,0,0,0
9.4,[],[],[],[],,0,0,0,0,0,0
9.5,[],[],[],[],,0,0,0,0,0,0
9.6,[],[],[],[],,0,0,0,0,0,0
9.7,['note_on'],[0],[77],[63],mp,0,1,0,0,0,0
9.4,['note_on'],[0],[60],[56],p,0,1,0,0,0,0
9.5,[],[],[],[],,0,0,0,0,"[112, 90, 32, 1, 0]",0
9.7,['note_on'],[0],[64],[44],pp,0,1,0,0,0,0
9.8,['note_on'],[0],[67],[56],p,0,1,0,0,"[2, 12, 20, 32, 44, 56, 64, 72, 80]",0
9.9,[],[],[],[],,0,0,0,0,"[88, 92, 98, 106, 112, 118, 126, 127]",0
10.1,['note_on'],[0],[72],[39],pp,0,1,0,0,0,0
9.9,['note_on'],[0],[76],[49],p,0,1,0,0,0,0
10.0,[],[],[],[],,0,0,0,0,0,0
10.1,[],[],[],[],,0,0,0,0,0,0
10.4,['note_on'],[0],[67],[51],p,0,1,0,0,0,0
10.5,[],[],[],[],,0,0,0,0,0,0
10.6,['note_on'],[0],[72],[63],mp,0,1,0,0,0,0
10.7,[],[],[],[],,0,0,0,0,0,0
10.8,['note_on'],[0],[76],[73],mp,0,1,0,0,0,0
11.2,[],[],[],[],,0,0,0,0,0,0
11.3,[],[],[],[],,0,0,0,0,0,0
11.0,['note_on'],[0],[60],[51],p,0,1,0,0,"[114, 94, 72, 46, 18]",0
11.1,[],[],[],[],,0,0,0,0,0,0
11.2,['note_on'],[0],[64],[51],p,0,1,0,0,0,0
11.3,[],[],[],[],,0,0,0,0,"[6, 16, 26, 36, 46, 56, 60]",0
11.4,['note_on'],[0],[67],[59],p,0,1,0,0,"[68, 74, 80, 88, 94, 102, 108, 114, 120, 126]",0
11.5,[],[],[],[],,0,0,0,0,127,0
11.6,['note_on'],[0],[72],[56],p,0,1,0,0,0,0
11.5,['note_on'],[0],[76],[59],p,0,1,0,0,0,0
11.6,[],[],[],[],,0,0,0,0,0,0
12.0,['note_on'],[0],[67],[58],p,0,1,0,0,0,0
12.1,[],[],[],[],,0,0,0,0,0,0
12.2,['note_on'],[0],[72],[71],mp,0,1,0,0,0,0
12.4,['note_on'],[0],[76],[66],mp,0,1,0,0,0,0
12.5,[],[],[],[],,0,0,0,0,0,0
12.6,['note_on'],[0],[60],[54],p,0,1,0,0,126,0
12.9,[],[],[],[],,0,0,0,0,"[108, 88, 62]",0
13.0,[],[],[],[],,0,0,0,0,"[32, 1, 0]",0
13.1,['note_on'],[0],[64],[49],p,0,1,0,0,0,0
13.2,[],[],[],[],,0,0,0,0,"[2, 12, 26]",0
13.3,['note_on'],[0],[69],[48],pp,0,1,0,0,"[36, 46, 56, 62, 68, 76, 82, 90, 94, 100]",0
13.4,[],[],[],[],,0,0,0,0,"[108, 112, 118, 124, 127]",0
13.3,['note_on'],[0],[76],[54],p,0,1,0,0,0,0
13.1,['note_on'],[0],[81],[59],p,0,1,0,0,0,0
13.2,['note_on'],[0],[69],[58],p,0,1,0,0,0,0
13.6,[],[],[],[],,0,0,0,0,0,0
13.7,['note_on'],[0],[76],[59],p,0,1,0,0,0,0
13.8,[],[],[],[],,0,0,0,0,0,0
13.9,['note_on'],[0],[81],[68],mp,0,1,0,0,0,0
14.2,[],[],[],[],,0,0,0,0,0,0
14.3,[],[],[],[],,0,0,0,0,0,0
14.4,[],[],[],[],,0,0,0,0,0,0
14.5,[],[],[],[],,0,0,0,0,118,0
14.6,['note_on'],[0],[60],[58],p,0,1,0,0,"[98, 76, 50, 0]",0
14.7,[],[],[],[],,0,0,0,0,0,0
14.8,['note_on'],[0],[64],[54],p,0,1,0,0,"[12, 26, 36]",0
14.9,['note_on'],[0],[69],[66],mp,0,1,0,0,"[50, 58, 66, 74, 80, 88, 92, 98, 104, 110]",0
15.0,[],[],[],[],,0,0,0,0,"[116, 120, 126, 127]",0
14.6,"['note_on', 'note_on']","[0, 0]","[76, 81]","[63, 59]",p,0,2,0,0,0,0
14.7,[],[],[],[],,0,0,0,0,0,0
15.0,['note_on'],[0],[69],[59],p,0,1,0,0,0,0
15.2,['note_on'],[0],[76],[66],mp,0,1,0,0,0,0
15.3,[],[],[],[],,0,0,0,0,0,0
15.4,['note_on'],[0],[81],[63],mp,0,1,0,0,0,0
15.7,[],[],[],[],,0,0,0,0,0,0
15.8,[],[],[],[],,0,0,0,0,0,0
15.6,['note_on'],[0],[60],[51],p,0,1,0,0,0,0
15.7,[],[],[],[],,0,0,0,0,110,0
15.8,['note_on'],[0],[62],[59],p,0,1,0,0,0,0
16.0,['note_on'],[0],[66],[58],p,0,1,0,0,"[1, 12, 26, 34, 44, 54, 60, 66]",0
16.1,[],[],[],[],,0,0,0,0,"[74, 80, 88, 92, 98, 104, 108, 112, 118, 124]",0
16.2,['note_on'],[0],[69],[53],p,0,1,0,0,127,0
16.1,['note_on'],[0],[74],[54],p,0,1,0,0,0,0
16.2,['note_on'],[0],[66],[58],p,0,1,0,0,0,0
16.6,[],[],[],[],,0,0,0,0,0,0
16.7,['note_on'],[0],[69],[59],p,0,1,0,0,0,0
16.8,[],[],[],[],,0,0,0,0,0,0
16.9,['note_on'],[0],[74],[68],mp,0,1,0,0,0,0
17.0,[],[],[],[],,0,0,0,0,0,0
17.1,['note_on'],[0],[60],[66],mp,0,1,0,0,110,0
17.3,[],[],[],[],,0,0,0,0,0,0
17.4,[],[],[],[],,0,0,0,0,0,0
17.5,[],[],[],[],,0,0,0,0,0,0
17.6,[],[],[],[],,0,0,0,0,0,0
17.7,[],[],[],[],,0,0,0,0,"[88, 58, 24, 0]",0
17.8,[],[],[],[],,0,0,0,0,0,0
17.9,['note_on'],[0],[62],[58],p,0,1,0,0,"[12, 28, 38, 50, 58, 66]",0
18.0,[],[],[],[],,0,0,0,0,"[74, 82, 90, 96, 100, 106, 112, 118, 124, 127]",0
18.1,['note_on'],[0],[66],[67],mp,0,1,0,0,0,0
18.2,[],[],[],[],,0,0,0,0,0,0
18.3,['note_on'],[0],[69],[58],p,0,1,0,0,0,0
18.0,"['note_on', 'note_on']","[0, 0]","[74, 66]","[71, 53]",mp,0,2,0,0,0,0
18.2,['note_on'],[0],[69],[71],mp,0,1,0,0,0,0
18.3,[],[],[],[],,0,0,0,0,0,0
18.4,['note_on'],[0],[74],[90],f,1,1,0,0,0,0
18.8,[],[],[],[],,0,0,0,0,0,0
18.9,[],[],[],[],,0,0,0,0,0,0
19.0,[],[],[],[],,0,0,0,0,0,0
19.1,[],[],[],[],,0,0,0,0,0,0
19.2,[],[],[],[],,0,0,0,0,0,0
19.3,[],[],[],[],,0,0,0,0,0,0
19.4,[],[],[],[],,0,0,0,0,0,0
19.5,[],[],[],[],,0,0,0,0,0,0
19.6,[],[],[],[],,0,0,0,0,0,0
19.7,[],[],[],[],,0,0,0,0,0,0
19.2,['note_on'],[0],[59],[96],f,1,1,0,0,"[122, 98, 44, 12, 0]",0
19.3,['note_on'],[0],[62],[71],mp,0,1,0,0,0,0
19.4,[],[],[],[],,0,0,0,0,"[6, 20, 32, 44, 56, 65, 72, 80]",0
19.5,['note_on'],[0],[67],[85],mf,1,1,0,0,"[88, 94, 102, 108, 118, 124, 127]",0
19.3,"['note_on', 'note_on']","[0, 0]","[74, 79]","[90, 98]",f,1,2,0,0,0,0
19.4,['note_on'],[0],[67],[90],f,1,1,0,0,0,0
19.7,[],[],[],[],,0,0,0,0,0,0
19.8,['note_on'],[0],[74],[85],mf,1,1,0,0,0,0
20.0,['note_on'],[0],[79],[93],f,1,1,0,0,0,0
20.7,[],[],[],[],,0,0,0,0,0,0
20.8,[],[],[],[],,0,0,0,0,0,0
20.9,[],[],[],[],,0,0,0,0,0,0
20.8,['note_on'],[0],[59],[80],mf,1,1,0,0,"[118, 94, 65, 32, 0]",0
20.9,['note_on'],[0],[62],[66],mp,0,1,0,0,0,0
21.0,[],[],[],[],,0,0,0,0,"[8, 36, 48, 58, 66]",0
21.1,['note_on'],[0],[67],[82],mf,1,1,0,0,"[78, 88, 94, 102, 110, 118, 124, 127]",0
20.8,"['note_on', 'note_on']","[0, 0]","[74, 79]","[82, 93]",mf,1,2,0,0,0,0
20.9,[],[],[],[],,0,0,0,0,0,0
21.0,['note_on'],[0],[67],[82],mf,1,1,0,0,0,0
21.2,['note_on'],[0],[74],[68],mp,0,1,0,0,0,0
21.4,['note_on'],[0],[79],[80],mf,1,1,0,0,0,0
21.9,[],[],[],[],,0,0,0,0,0,0
22.0,[],[],[],[],,0,0,0,0,0,0
22.1,[],[],[],[],,0,0,0,0,0,0
22.2,[],[],[],[],,0,0,0,0,0,0
22.3,[],[],[],[],,0,0,0,0,0,0
22.4,[],[],[],[],,0,0,0,0,0,0
22.5,[],[],[],[],,0,0,0,0,0,0
22.6,[],[],[],[],,0,0,0,0,0,0
22.7,[],[],[],[],,0,0,0,0,0,0
22.8,[],[],[],[],,0,0,0,0,0,0
22.9,[],[],[],[],,0,0,0,0,0,0
22.5,['note_on'],[0],[59],[51],p,0,1,0,0,0,0
22.6,[],[],[],[],,0,0,0,0,"[124, 100, 42, 0]",0
22.7,['note_on'],[0],[60],[47],pp,0,1,0,0,0,0
22.9,['note_on'],[0],[64],[49],p,0,1,0,0,"[4, 18, 28, 40, 52, 60, 68, 76, 82, 90]",0
23.0,[],[],[],[],,0,0,0,0,"[94, 100, 108, 116, 124, 127]",0
23.1,['note_on'],[0],[67],[51],p,0,1,0,0,0,0
23.2,[],[],[],[],,0,0,0,0,0,0
22.5,['note_on'],[0],[72],[68],mp,0,1,0,0,0,0
22.6,['note_on'],[0],[64],[47],pp,0,1,0,0,0,0
22.7,[],[],[],[],,0,0,0,0,0,0
22.8,['note_on'],[0],[67],[47],pp,0,1,0,0,0,0
22.9,[],[],[],[],,0,0,0,0,0,0
24.1,['note_on'],[0],[72],[49],p,0,1,0,0,0,0
24.2,[],[],[],[],,0,0,0,0,120,0
23.5,['note_on'],[0],[59],[42],pp,0,1,0,0,"[102, 80, 0]",0
23.7,['note_on'],[0],[60],[44],pp,0,1,0,0,"[4, 12]",0
23.8,[],[],[],[],,0,0,0,0,"[22, 32, 40, 52, 60, 68, 76, 84, 90, 96]",0
23.9,['note_on'],[0],[64],[48],pp,0,1,0,0,"[102, 108, 116, 124, 127]",0
24.0,[],[],[],[],,0,0,0,0,0,0
24.1,['note_on'],[0],[67],[56],p,0,1,0,0,0,0
24.0,['note_on'],[0],[72],[71],mp,0,1,0,0,0,0
24.1,[],[],[],[],,0,0,0,0,0,0
24.2,['note_on'],[0],[64],[51],p,0,1,0,0,0,0
24.3,[],[],[],[],,0,0,0,0,0,0
24.4,['note_on'],[0],[67],[59],p,0,1,0,0,0,0
25.5,[],[],[],[],,0,0,0,0,0,0
25.6,[],[],[],[],,0,0,0,0,0,0
25.7,[],[],[],[],,0,0,0,0,0,0
25.8,[],[],[],[],,0,0,0,0,0,0
25.9,[],[],[],[],,0,0,0,0,0,0
26.0,[],[],[],[],,0,0,0,0,0,0
26.1,[],[],[],[],,0,0,0,0,0,0
26.2,[],[],[],[],,0,0,0,0,0,0
25.3,"['note_on', 'note_on']","[0, 0]","[72, 57]","[76, 68]",mp,0,2,0,0,"[110, 92, 66, 0]",0
25.5,['note_on'],[0],[60],[66],mp,0,1,0,0,0,0
25.6,[],[],[],[],,0,0,0,0,"[1, 10, 34, 46, 58, 65, 74, 86, 92]",0
25.7,['note_on'],[0],[64],[63],mp,0,1,0,0,"[98, 106, 112, 118, 126, 127]",0
25.8,['note_on'],[0],[67],[76],mf,1,1,0,0,0,0
25.9,[],[],[],[],,0,0,0,0,0,0
26.0,['note_on'],[0],[72],[87],mf,1,1,0,0,0,0
26.1,[],[],[],[],,0,0,0,0,0,0
26.9,['note_on'],[0],[64],[68],mp,0,1,0,0,0,0
27.1,[],[],[],[],,0,0,0,0,0,0
27.2,['note_on'],[0],[67],[73],mp,0,1,0,0,0,0
27.3,['note_on'],[0],[72],[85],mf,1,1,0,0,0,0
27.0,['note_on'],[0],[57],[66],mp,0,1,0,0,"[114, 96, 76, 52]",0
27.1,[],[],[],[],,0,0,0,0,0,0
27.2,['note_on'],[0],[60],[71],mp,0,1,0,0,0,0
27.3,[],[],[],[],,0,0,0,0,"[8, 20, 32, 44, 56]",0
27.4,['note_on'],[0],[64],[68],mp,0,1,0,0,"[64, 72, 80, 90, 96, 104, 112, 120, 126, 127]",0
27.6,['note_on'],[0],[67],[73],mp,0,1,0,0,0,0
27.8,['note_on'],[0],[72],[87],mf,1,1,0,0,0,0
27.9,[],[],[],[],,0,0,0,0,0,0
28.3,[],[],[],[],,0,0,0,0,0,0
28.4,[],[],[],[],,0,0,0,0,0,0
28.5,[],[],[],[],,0,0,0,0,0,0
28.6,[],[],[],[],,0,0,0,0,0,0
28.7,[],[],[],[],,0,0,0,0,0,0
28.8,['note_on'],[0],[64],[58],p,0,1,0,0,0,0
28.9,[],[],[],[],,0,0,0,0,0,0
29.0,['note_on'],[0],[67],[73],mp,0,1,0,0,0,0
29.1,[],[],[],[],,0,0,0,0,0,0
29.2,[],[],[],[],,0,0,0,0,0,0
29.3,[],[],[],[],,0,0,0,0,0,0
29.4,[],[],[],[],,0,0,0,0,0,0
29.5,[],[],[],[],,0,0,0,0,0,0
29.6,[],[],[],[],,0,0,0,0,0,0
29.7,[],[],[],[],,0,0,0,0,0,0
29.8,[],[],[],[],,0,0,0,0,0,0
29.9,[],[],[],[],,0,0,0,0,0,0
30.0,[],[],[],[],,0,0,0,0,0,0
30.1,[],[],[],[],,0,0,0,0,0,0
30.2,[],[],[],[],,0,0,0,0,0,0
30.3,[],[],[],[],,0,0,0,0,0,0
30.4,[],[],[],[],,0,0,0,0,0,0
30.5,[],[],[],[],,0,0,0,0,0,0
30.6,[],[],[],[],,0,0,0,0,0,0
30.7,[],[],[],[],,0,0,0,0,0,0
30.8,[],[],[],[],,0,0,0,0,0,0
30.9,[],[],[],[],,0,0,0,0,0,0
31.0,[],[],[],[],,0,0,0,0,0,0
31.1,[],[],[],[],,0,0,0,0,0,0
31.2,[],[],[],[],,0,0,0,0,0,0
29.4,"['note_on', 'note_on']","[0, 0]","[72, 50]","[80, 90]",mf,1,2,0,0,"[108, 60, 30, 1, 0]",0
29.5,['note_on'],[0],[57],[68],mp,0,1,0,0,0,0
29.7,['note_on'],[0],[62],[59],p,0,1,0,0,"[10, 20, 32, 44, 54, 62, 68, 76, 84]",0
29.8,[],[],[],[],,0,0,0,0,"[90, 96, 102, 108, 116, 124, 127]",0
29.4,['note_on'],[0],[66],[76],mf,1,1,0,0,0,0
29.5,[],[],[],[],,0,0,0,0,0,0
29.6,['note_on'],[0],[72],[80],mf,1,1,0,0,0,0
29.7,['note_on'],[0],[62],[58],p,0,1,0,0,0,0
29.9,['note_on'],[0],[66],[80],mf,1,1,0,0,0,0
30.0,[],[],[],[],,0,0,0,0,0,0
30.1,['note_on'],[0],[72],[80],mf,1,1,0,0,0,0
30.3,['note_on'],[0],[50],[76],mf,1,1,0,0,122,0
31.0,[],[],[],[],,0,0,0,0,"[100, 76, 48, 18, 0]",0
31.1,['note_on'],[0],[57],[68],mp,0,1,0,0,0,0
31.2,[],[],[],[],,0,0,0,0,10,0
31.3,['note_on'],[0],[62],[59],p,0,1,0,0,"[32, 44, 58, 66, 78, 88, 96, 102, 110, 118]",0
31.4,[],[],[],[],,0,0,0,0,"[124, 127]",0
31.5,['note_on'],[0],[66],[73],mp,0,1,0,0,0,0
30.7,[],[],[],[],,0,0,0,0,0,0
30.8,[],[],[],[],,0,0,0,0,0,0
30.9,['note_on'],[0],[72],[76],mf,1,1,0,0,0,0
31.1,['note_on'],[0],[62],[59],p,0,1,0,0,0,0
31.3,['note_on'],[0],[66],[76],mf,1,1,0,0,0,0
31.5,['note_on'],[0],[72],[82],mf,1,1,0,0,0,0
31.9,"['note_on', 'note_on']","[0, 0]","[55, 59]","[63, 51]",p,0,2,0,0,"[126, 108, 90, 48, 24, 0]",0
32.0,[],[],[],[],,0,0,0,0,"[6, 20, 30, 40, 50, 58, 64]",0
32.1,['note_on'],[0],[62],[53],p,0,1,0,0,"[70, 76, 82, 88, 92, 98, 106, 112, 120, 126]",0
32.2,[],[],[],[],,0,0,0,0,127,0
32.3,['note_on'],[0],[67],[49],p,0,1,0,0,0,0
32.4,[],[],[],[],,0,0,0,0,0,0
32.2,"['note_on', 'note_on']","[0, 0]","[71, 62]","[61, 53]",p,0,2,0,0,0,0
32.4,[],[],[],[],,0,0,0,0,0,0
32.5,['note_on'],[0],[67],[68],mp,0,1,0,0,0,0
32.6,['note_on'],[0],[71],[68],mp,0,1,0,0,0,0
32.7,[],[],[],[],,0,0,0,0,0,0
32.8,['note_on'],[0],[55],[49],p,0,1,0,0,"[124, 106]",0
32.9,[],[],[],[],,0,0,0,0,"[88, 32]",0
33.3,[],[],[],[],,0,0,0,0,"[1, 0]",0
33.5,['note_on'],[0],[59],[43],pp,0,1,0,0,0,0
33.6,[],[],[],[],,0,0,0,0,"[2, 12, 26, 34, 46, 56, 64, 70, 80, 90]",0
33.7,['note_on'],[0],[62],[53],p,0,1,0,0,"[96, 104, 112, 120, 126, 127]",0
33.8,[],[],[],[],,0,0,0,0,0,0
33.9,['note_on'],[0],[67],[54],p,0,1,0,0,0,0
34.0,[],[],[],[],,0,0,0,0,0,0
33.5,['note_on'],[0],[71],[66],mp,0,1,0,0,0,0
33.6,['note_on'],[0],[62],[51],p,0,1,0,0,0,0
33.7,[],[],[],[],,0,0,0,0,0,0
33.8,['note_on'],[0],[67],[61],p,0,1,0,0,0,0
34.0,['note_on'],[0],[71],[59],p,0,1,0,0,0,0
35.5,[],[],[],[],,0,0,0,0,0,0
35.1,"['note_on', 'note_on']","[0, 0]","[55, 58]","[42, 47]",pp,0,2,0,0,"[110, 0, 8, 20]",0
35.2,[],[],[],[],,0,0,0,0,"[36, 50, 60, 70, 80, 90, 96, 102, 110, 116]",0
35.3,['note_on'],[0],[64],[56],p,0,1,0,0,"[124, 127]",0
35.5,['note_on'],[0],[67],[63],mp,0,1,0,0,0,0
35.1,['note_on'],[0],[73],[63],mp,0,1,0,0,0,0
35.2,['note_on'],[0],[64],[48],pp,0,1,0,0,0,0
35.4,['note_on'],[0],[67],[54],p,0,1,0,0,0,0
35.6,['note_on'],[0],[73],[58],p,0,1,0,0,0,0
37.1,[],[],[],[],,0,0,0,0,0,0
37.2,[],[],[],[],,0,0,0,0,0,0
37.3,[],[],[],[],,0,0,0,0,0,0
37.4,[],[],[],[],,0,0,0,0,0,0
37.5,[],[],[],[],,0,0,0,0,0,0
37.6,[],[],[],[],,0,0,0,0,0,0
37.7,[],[],[],[],,0,0,0,0,0,0
37.8,[],[],[],[],,0,0,0,0,0,0
37.9,[],[],[],[],,0,0,0,0,0,0
36.5,['note_on'],[0],[55],[47],pp,0,1,0,0,"[124, 104, 82, 0]",0
36.7,['note_on'],[0],[58],[47],pp,0,1,0,0,0,0
36.8,[],[],[],[],,0,0,0,0,"[6, 18, 28, 38, 50, 60, 68, 76]",0
36.9,['note_on'],[0],[64],[51],p,0,1,0,0,"[86, 90, 98, 106, 112, 120, 127]",0
37.1,['note_on'],[0],[67],[58],p,0,1,0,0,0,0
37.2,[],[],[],[],,0,0,0,0,0,0
36.9,['note_on'],[0],[73],[70],mp,0,1,0,0,0,0
37.0,['note_on'],[0],[64],[54],p,0,1,0,0,0,0
37.2,['note_on'],[0],[67],[63],mp,0,1,0,0,0,0
37.4,[],[],[],[],,0,0,0,0,0,0
39.0,[],[],[],[],,0,0,0,0,0,0
39.1,[],[],[],[],,0,0,0,0,0,0
39.2,['note_on'],[0],[73],[63],mp,0,1,0,0,0,0
39.3,[],[],[],[],,0,0,0,0,0,0
39.4,[],[],[],[],,0,0,0,0,0,0
39.5,[],[],[],[],,0,0,0,0,0,0
39.6,[],[],[],[],,0,0,0,0,0,0
39.7,[],[],[],[],,0,0,0,0,0,0
39.8,[],[],[],[],,0,0,0,0,0,0
39.9,[],[],[],[],,0,0,0,0,0,0
38.3,"['note_on', 'note_on']","[0, 0]","[53, 57]","[56, 54]",p,0,2,0,0,"[116, 96, 48, 0]",0
38.4,[],[],[],[],,0,0,0,0,"[10, 36, 48, 58, 66]",0
38.5,['note_on'],[0],[62],[59],p,0,1,0,0,"[74, 82, 90, 96, 104, 112, 120, 126, 127]",0
38.7,['note_on'],[0],[69],[68],mp,0,1,0,0,0,0
38.4,['note_on'],[0],[74],[85],mf,1,1,0,0,0,0
38.6,['note_on'],[0],[62],[59],p,0,1,0,0,0,0
38.8,['note_on'],[0],[69],[76],mf,1,1,0,0,0,0
39.0,['note_on'],[0],[74],[90],f,1,1,0,0,0,0
39.7,['note_on'],[0],[53],[80],mf,1,1,0,0,"[120, 104, 86, 64, 38, 10]",0
39.8,[],[],[],[],,0,0,0,0,0,0
39.9,['note_on'],[0],[57],[73],mp,0,1,0,0,0,0
40.0,[],[],[],[],,0,0,0,0,"[6, 18, 28, 40]",0
40.1,['note_on'],[0],[62],[68],mp,0,1,0,0,"[52, 60, 66, 76, 84, 90, 98, 106, 114, 122]",0
40.2,[],[],[],[],,0,0,0,0,127,0
40.3,['note_on'],[0],[69],[82],mf,1,1,0,0,0,0
40.0,['note_on'],[0],[74],[90],f,1,1,0,0,0,0
40.1,[],[],[],[],,0,0,0,0,0,0
40.2,['note_on'],[0],[62],[76],mf,1,1,0,0,0,0
40.3,['note_on'],[0],[69],[82],mf,1,1,0,0,0,0
41.9,[],[],[],[],,0,0,0,0,0,0
42.0,[],[],[],[],,0,0,0,0,0,0
42.1,[],[],[],[],,0,0,0,0,0,0
42.2,[],[],[],[],,0,0,0,0,0,0
42.3,[],[],[],[],,0,0,0,0,0,0
42.4,[],[],[],[],,0,0,0,0,0,0
42.5,[],[],[],[],,0,0,0,0,0,0
42.6,[],[],[],[],,0,0,0,0,0,0
42.7,[],[],[],[],,0,0,0,0,0,0
42.8,[],[],[],[],,0,0,0,0,0,0
42.9,[],[],[],[],,0,0,0,0,0,0
43.0,[],[],[],[],,0,0,0,0,0,0
43.1,['note_on'],[0],[74],[87],mf,1,1,0,0,0,0
41.6,['note_on'],[0],[53],[66],mp,0,1,0,0,"[118, 100, 82, 60, 32, 4, 0]",0
41.8,['note_on'],[0],[56],[64],mp,0,1,0,0,0,0
41.9,['note_on'],[0],[62],[66],mp,0,1,0,0,"[1, 16, 30, 44, 58]",0
42.0,[],[],[],[],,0,0,0,0,"[68, 78, 88, 96, 102, 108, 116, 122, 126, 127]",0
42.1,['note_on'],[0],[65],[61],p,0,1,0,0,0,0
42.2,[],[],[],[],,0,0,0,0,0,0
41.7,"['note_on', 'note_on']","[0, 0]","[71, 62]","[68, 66]",mp,0,2,0,0,0,0
41.8,[],[],[],[],,0,0,0,0,0,0
41.9,['note_on'],[0],[65],[66],mp,0,1,0,0,0,0
42.1,['note_on'],[0],[71],[71],mp,0,1,0,0,0,0
42.2,[],[],[],[],,0,0,0,0,0,0
43.2,['note_on'],[0],[53],[53],p,0,1,0,0,0,0
43.4,['note_on'],[0],[56],[48],pp,0,1,0,0,0,0
43.5,[],[],[],[],,0,0,0,0,"[6, 20, 30, 42, 54, 64, 74, 84, 92, 98]",0
43.6,['note_on'],[0],[62],[56],p,0,1,0,0,"[108, 114, 122, 127]",0
43.7,[],[],[],[],,0,0,0,0,0,0
43.8,['note_on'],[0],[65],[58],p,0,1,0,0,0,0
43.1,['note_on'],[0],[71],[61],p,0,1,0,0,0,0
43.3,['note_on'],[0],[62],[48],pp,0,1,0,0,0,0
43.5,['note_on'],[0],[65],[58],p,0,1,0,0,0,0
45.2,[],[],[],[],,0,0,0,0,0,0
45.3,[],[],[],[],,0,0,0,0,0,0
45.4,[],[],[],[],,0,0,0,0,0,0
45.5,[],[],[],[],,0,0,0,0,0,0
45.6,[],[],[],[],,0,0,0,0,0,0
45.7,[],[],[],[],,0,0,0,0,0,0
45.8,['note_on'],[0],[71],[73],mp,0,1,0,0,0,0
44.8,['note_on'],[0],[52],[63],mp,0,1,0,0,"[124, 106, 58, 0]",0
45.0,['note_on'],[0],[55],[56],p,0,1,0,0,0,0
45.1,[],[],[],[],,0,0,0,0,"[6, 20, 30, 42, 52, 60, 68, 76, 84]",0
45.2,['note_on'],[0],[60],[53],p,0,1,0,0,"[90, 96, 102, 108, 116, 124, 127]",0
45.1,['note_on'],[0],[67],[63],mp,0,1,0,0,0,0
44.2,['note_on'],[0],[72],[58],p,0,1,0,0,0,0
44.3,['note_on'],[0],[60],[53],p,0,1,0,0,0,0
44.4,[],[],[],[],,0,0,0,0,0,0
44.5,['note_on'],[0],[67],[66],mp,0,1,0,0,0,0
44.6,[],[],[],[],,0,0,0,0,0,0
44.7,['note_on'],[0],[72],[56],p,0,1,0,0,0,0
44.8,[],[],[],[],,0,0,0,0,0,0
46.1,['note_on'],[0],[52],[51],p,0,1,0,0,"[118, 100, 80, 58, 32, 1, 0]",0
46.3,['note_on'],[0],[55],[49],p,0,1,0,0,0,0
46.4,[],[],[],[],,0,0,0,0,"[4, 16, 26, 36, 48, 58]",0
46.5,['note_on'],[0],[60],[54],p,0,1,0,0,"[66, 76, 86, 94, 102, 110, 118, 124, 127]",0
46.6,[],[],[],[],,0,0,0,0,0,0
45.9,"['note_on', 'note_on']","[0, 0]","[67, 72]","[66, 76]",mp,0,2,0,0,0,0
46.0,[],[],[],[],,0,0,0,0,0,0
46.1,[],[],[],[],,0,0,0,0,0,0
46.2,['note_on'],[0],[60],[59],p,0,1,0,0,0,0
46.3,['note_on'],[0],[67],[68],mp,0,1,0,0,0,0
48.1,[],[],[],[],,0,0,0,0,0,0
48.2,[],[],[],[],,0,0,0,0,0,0
48.3,[],[],[],[],,0,0,0,0,0,0
48.4,[],[],[],[],,0,0,0,0,0,0
48.5,[],[],[],[],,0,0,0,0,0,0
48.6,[],[],[],[],,0,0,0,0,0,0
48.7,[],[],[],[],,0,0,0,0,0,0
48.8,[],[],[],[],,0,0,0,0,0,0
48.9,[],[],[],[],,0,0,0,0,0,0
49.0,[],[],[],[],,0,0,0,0,0,0
49.1,[],[],[],[],,0,0,0,0,0,0
49.2,[],[],[],[],,0,0,0,0,0,0
49.3,[],[],[],[],,0,0,0,0,0,0
49.4,[],[],[],[],,0,0,0,0,0,0
49.5,[],[],[],[],,0,0,0,0,0,0
49.6,[],[],[],[],,0,0,0,0,0,0
49.7,[],[],[],[],,0,0,0,0,0,0
49.8,[],[],[],[],,0,0,0,0,0,0
49.9,[],[],[],[],,0,0,0,0,0,0
50.0,[],[],[],[],,0,0,0,0,0,0
50.1,[],[],[],[],,0,0,0,0,0,0
50.2,[],[],[],[],,0,0,0,0,0,0
50.3,[],[],[],[],,0,0,0,0,0,0
50.4,[],[],[],[],,0,0,0,0,0,0
48.3,"['note_on', 'note_on']","[0, 0]","[72, 52]","[90, 80]",mf,1,2,0,0,0,0
48.4,[],[],[],[],,0,0,0,0,"[126, 108, 90, 66, 44, 16, 0]",0
48.5,['note_on'],[0],[53],[87],mf,1,1,0,0,0,0
48.7,['note_on'],[0],[57],[82],mf,1,1,0,0,"[8, 20, 32, 46, 58, 66, 74, 84]",0
48.8,[],[],[],[],,0,0,0,0,"[90, 96, 104, 108, 116, 122, 126, 127]",0
47.8,"['note_on', 'note_on']","[0, 0]","[60, 65]","[71, 85]",mf,1,2,0,0,0,0
48.0,['note_on'],[0],[57],[73],mp,0,1,0,0,0,0
48.1,[],[],[],[],,0,0,0,0,0,0
48.2,['note_on'],[0],[60],[80],mf,1,1,0,0,0,0
48.4,['note_on'],[0],[65],[85],mf,1,1,0,0,0,0
49.9,['note_on'],[0],[52],[82],mf,1,1,0,0,"[114, 92]",0
50.0,[],[],[],[],,0,0,0,0,"[66, 42, 10, 0]",0
50.1,['note_on'],[0],[53],[73],mp,0,1,0,0,0,0
50.2,[],[],[],[],,0,0,0,0,"[2, 16, 28]",0
50.3,['note_on'],[0],[57],[73],mp,0,1,0,0,"[42, 54, 65, 74, 86, 92, 98, 106, 112, 120, 126]",0
50.4,[],[],[],[],,0,0,0,0,127,0
49.7,"['note_on', 'note_on']","[0, 0]","[60, 65]","[80, 87]",mf,1,2,0,0,0,0
49.9,['note_on'],[0],[57],[68],mp,0,1,0,0,0,0
50.0,[],[],[],[],,0,0,0,0,0,0
50.1,['note_on'],[0],[60],[71],mp,0,1,0,0,0,0
50.2,[],[],[],[],,0,0,0,0,0,0
52.6,[],[],[],[],,0,0,0,0,0,0
52.7,[],[],[],[],,0,0,0,0,0,0
52.8,[],[],[],[],,0,0,0,0,0,0
52.9,[],[],[],[],,0,0,0,0,0,0
53.0,[],[],[],[],,0,0,0,0,0,0
53.1,[],[],[],[],,0,0,0,0,0,0
53.2,[],[],[],[],,0,0,0,0,0,0
53.3,[],[],[],[],,0,0,0,0,0,0
53.4,[],[],[],[],,0,0,0,0,0,0
53.5,[],[],[],[],,0,0,0,0,0,0
53.6,[],[],[],[],,0,0,0,0,0,0
53.7,[],[],[],[],,0,0,0,0,0,0
53.8,[],[],[],[],,0,0,0,0,0,0
53.9,[],[],[],[],,0,0,0,0,0,0
54.0,[],[],[],[],,0,0,0,0,0,0
54.1,[],[],[],[],,0,0,0,0,0,0
54.2,['note_on'],[0],[65],[76],mf,1,1,0,0,0,0
54.3,[],[],[],[],,0,0,0,0,0,0
51.5,['note_on'],[0],[50],[87],mf,1,1,0,0,"[114, 98, 80, 60, 38, 0]",0
51.7,['note_on'],[0],[53],[73],mp,0,1,0,0,0,0
51.8,[],[],[],[],,0,0,0,0,"[6, 20, 28, 40, 52, 62, 70, 80, 90, 96]",0
51.9,['note_on'],[0],[57],[71],mp,0,1,0,0,"[104, 110, 118, 124, 127]",0
52.1,['note_on'],[0],[60],[76],mf,1,1,0,0,0,0
51.4,"['note_on', 'note_on']","[0, 0]","[65, 57]","[80, 68]",mp,0,2,0,0,0,0
51.5,[],[],[],[],,0,0,0,0,0,0
51.7,['note_on'],[0],[60],[80],mf,1,1,0,0,0,0
51.9,['note_on'],[0],[65],[82],mf,1,1,0,0,0,0
55.3,[],[],[],[],,0,0,0,0,0,0
55.4,[],[],[],[],,0,0,0,0,0,0
55.5,[],[],[],[],,0,0,0,0,0,0
55.6,[],[],[],[],,0,0,0,0,0,0
53.1,['note_on'],[0],[50],[96],f,1,1,0,0,"[116, 92, 65, 36, 0]",0
53.3,['note_on'],[0],[53],[71],mp,0,1,0,0,0,0
53.4,[],[],[],[],,0,0,0,0,"[1, 12, 26, 38, 52, 62, 72, 82, 90, 98]",0
53.5,['note_on'],[0],[57],[82],mf,1,1,0,0,"[106, 114, 122, 127]",0
53.7,['note_on'],[0],[60],[82],mf,1,1,0,0,0,0
53.3,"['note_on', 'note_on']","[0, 0]","[65, 57]","[87, 73]",mf,1,2,0,0,0,0
53.4,[],[],[],[],,0,0,0,0,0,0
53.5,['note_on'],[0],[60],[82],mf,1,1,0,0,0,0
53.6,[],[],[],[],,0,0,0,0,0,0
53.7,['note_on'],[0],[65],[85],mf,1,1,0,0,0,0
53.8,[],[],[],[],,0,0,0,0,0,0
56.8,[],[],[],[],,0,0,0,0,0,0
56.9,[],[],[],[],,0,0,0,0,0,0
57.0,[],[],[],[],,0,0,0,0,0,0
57.1,[],[],[],[],,0,0,0,0,0,0
57.2,[],[],[],[],,0,0,0,0,0,0
57.3,[],[],[],[],,0,0,0,0,0,0
57.4,[],[],[],[],,0,0,0,0,0,0
57.5,[],[],[],[],,0,0,0,0,0,0
57.6,[],[],[],[],,0,0,0,0,0,0
57.7,[],[],[],[],,0,0,0,0,0,0
54.7,['note_on'],[0],[43],[90],f,1,1,0,0,"[110, 92, 70, 18, 0]",0
54.9,['note_on'],[0],[50],[90],f,1,1,0,0,0,0
55.0,[],[],[],[],,0,0,0,0,"[6, 20, 30, 42, 54, 65, 74]",0
55.1,['note_on'],[0],[55],[85],mf,1,1,0,0,"[86, 94, 102, 110, 118, 124, 127]",0
55.3,['note_on'],[0],[59],[85],mf,1,1,0,0,0,0
55.5,['note_on'],[0],[65],[82],mf,1,1,0,0,0,0
55.6,['note_on'],[0],[55],[76],mf,1,1,0,0,0,0
55.7,[],[],[],[],,0,0,0,0,0,0
55.8,['note_on'],[0],[59],[82],mf,1,1,0,0,0,0
55.9,[],[],[],[],,0,0,0,0,0,0
56.0,['note_on'],[0],[65],[87],mf,1,1,0,0,0,0
56.1,[],[],[],[],,0,0,0,0,0,0
56.2,['note_on'],[0],[43],[82],mf,1,1,0,0,0,0
56.3,[],[],[],[],,0,0,0,0,"[126, 108, 86, 62, 4, 0]",0
56.4,['note_on'],[0],[50],[87],mf,1,1,0,0,0,0
56.6,['note_on'],[0],[55],[80],mf,1,1,0,0,"[10, 26, 40, 54, 66, 78, 90]",0
56.7,[],[],[],[],,0,0,0,0,"[98, 110, 118, 126, 127]",0
56.8,['note_on'],[0],[59],[87],mf,1,1,0,0,0,0
57.0,['note_on'],[0],[65],[80],mf,1,1,0,0,0,0
57.2,['note_on'],[0],[55],[71],mp,0,1,0,0,0,0
57.3,[],[],[],[],,0,0,0,0,0,0
57.4,['note_on'],[0],[59],[76],mf,1,1,0,0,0,0
57.6,['note_on'],[0],[65],[73],mp,0,1,0,0,0,0
57.8,['note_on'],[0],[48],[68],mp,0,1,0,0,114,0
57.9,[],[],[],[],,0,0,0,0,"[92, 64, 0]",0
59.7,['note_on'],[0],[52],[56],p,0,1,0,0,0,0
59.8,['note_on'],[0],[55],[58],p,0,1,0,0,0,0
59.9,[],[],[],[],,0,0,0,0,"[4, 14, 24, 32, 42, 50, 58, 64, 70]",0
60.0,['note_on'],[0],[60],[56],p,0,1,0,0,"[78, 86, 90, 98, 104, 110, 114, 120, 124, 126]",0
58.6,['note_on'],[0],[64],[59],p,0,1,0,0,127,0
58.7,[],[],[],[],,0,0,0,0,0,0
58.8,['note_on'],[0],[55],[56],p,0,1,0,0,0,0
59.0,['note_on'],[0],[60],[53],p,0,1,0,0,0,0
59.1,[],[],[],[],,0,0,0,0,0,0
59.2,['note_on'],[0],[64],[48],pp,0,1,0,0,0,0
59.4,['note_on'],[0],[48],[58],p,0,1,0,0,"[116, 96]",0
59.5,[],[],[],[],,0,0,0,0,"[44, 0]",0
60.9,['note_on'],[0],[52],[61],p,0,1,0,0,0,0
61.0,[],[],[],[],,0,0,0,0,"[8, 20, 28, 38, 48, 58, 65, 72]",0
61.1,['note_on'],[0],[55],[63],mp,0,1,0,0,"[80, 90, 94, 100, 108, 116, 124, 127]",0
61.2,[],[],[],[],,0,0,0,0,0,0
59.8,"['note_on', 'note_on']","[0, 0]","[60, 64]","[54, 59]",p,0,2,0,0,0,0
59.9,[],[],[],[],,0,0,0,0,0,0
60.0,['note_on'],[0],[55],[61],p,0,1,0,0,0,0
60.2,['note_on'],[0],[60],[59],p,0,1,0,0,0,0
60.4,['note_on'],[0],[64],[53],p,0,1,0,0,0,0
60.6,[],[],[],[],,0,0,0,0,0,0
60.7,['note_on'],[0],[48],[58],p,0,1,0,0,"[120, 2, 0]",0
60.8,['note_on'],[0],[55],[49],p,0,1,0,0,0,0
60.9,[],[],[],[],,0,0,0,0,6,0
61.0,[],[],[],[],,0,0,0,0,"[20, 36, 50, 62, 70, 78, 88, 92, 98, 106]",0
61.1,['note_on'],[0],[58],[53],p,0,1,0,0,"[112, 120, 127]",0
61.2,['note_on'],[0],[60],[53],p,0,1,0,0,0,0
61.4,[],[],[],[],,0,0,0,0,0,0
60.0,"['note_on', 'note_on']","[0, 0]","[64, 58]","[58, 53]",p,0,2,0,0,0,0
61.4,['note_on'],[0],[60],[54],p,0,1,0,0,0,0
61.5,[],[],[],[],,0,0,0,0,0,0
61.6,['note_on'],[0],[64],[54],p,0,1,0,0,0,0
61.7,[],[],[],[],,0,0,0,0,0,0
61.8,[],[],[],[],,0,0,0,0,122,0
61.9,['note_on'],[0],[48],[61],p,0,1,0,0,"[100, 78, 0]",0
62.5,['note_on'],[0],[55],[53],p,0,1,0,0,"[2, 14]",0
62.6,[],[],[],[],,0,0,0,0,"[26, 36, 48, 58, 65, 74, 82, 90, 94, 98]",0
62.7,['note_on'],[0],[58],[54],p,0,1,0,0,"[106, 112, 118, 124, 127]",0
62.9,['note_on'],[0],[60],[49],p,0,1,0,0,0,0
63.0,[],[],[],[],,0,0,0,0,0,0
61.5,['note_on'],[0],[64],[54],p,0,1,0,0,0,0
61.6,['note_on'],[0],[58],[53],p,0,1,0,0,0,0
63.4,[],[],[],[],,0,0,0,0,0,0
63.5,['note_on'],[0],[60],[56],p,0,1,0,0,0,0
63.6,[],[],[],[],,0,0,0,0,0,0
63.7,['note_on'],[0],[64],[61],p,0,1,0,0,0,0
65.0,[],[],[],[],,0,0,0,0,0,0
65.1,[],[],[],[],,0,0,0,0,0,0
65.2,[],[],[],[],,0,0,0,0,0,0
65.3,[],[],[],[],,0,0,0,0,0,0
65.4,[],[],[],[],,0,0,0,0,0,0
65.5,[],[],[],[],,0,0,0,0,0,0
65.6,[],[],[],[],,0,0,0,0,0,0
65.7,[],[],[],[],,0,0,0,0,0,0
65.8,[],[],[],[],,0,0,0,0,0,0
65.9,[],[],[],[],,0,0,0,0,0,0
66.0,[],[],[],[],,0,0,0,0,0,0
66.1,[],[],[],[],,0,0,0,0,0,0
66.2,[],[],[],[],,0,0,0,0,0,0
66.3,[],[],[],[],,0,0,0,0,0,0
66.4,[],[],[],[],,0,0,0,0,0,0
66.5,[],[],[],[],,0,0,0,0,0,0
66.6,[],[],[],[],,0,0,0,0,0,0
66.7,[],[],[],[],,0,0,0,0,0,0
66.8,[],[],[],[],,0,0,0,0,0,0
66.9,[],[],[],[],,0,0,0,0,0,0
67.0,[],[],[],[],,0,0,0,0,0,0
67.1,[],[],[],[],,0,0,0,0,0,0
67.2,[],[],[],[],,0,0,0,0,0,0
67.3,[],[],[],[],,0,0,0,0,0,0
67.4,[],[],[],[],,0,0,0,0,0,0
67.5,[],[],[],[],,0,0,0,0,0,0
67.6,[],[],[],[],,0,0,0,0,0,0
67.7,[],[],[],[],,0,0,0,0,0,0
67.8,[],[],[],[],,0,0,0,0,0,0
67.9,[],[],[],[],,0,0,0,0,0,0
68.0,[],[],[],[],,0,0,0,0,0,0
68.1,[],[],[],[],,0,0,0,0,0,0
68.2,[],[],[],[],,0,0,0,0,0,0
68.3,[],[],[],[],,0,0,0,0,0,0
68.4,[],[],[],[],,0,0,0,0,0,0
68.5,[],[],[],[],,0,0,0,0,0,0
68.6,[],[],[],[],,0,0,0,0,0,0
68.7,[],[],[],[],,0,0,0,0,0,0
68.8,[],[],[],[],,0,0,0,0,0,0
68.9,[],[],[],[],,0,0,0,0,0,0
69.0,[],[],[],[],,0,0,0,0,0,0
69.1,[],[],[],[],,0,0,0,0,0,0
69.2,[],[],[],[],,0,0,0,0,0,0
69.3,[],[],[],[],,0,0,0,0,0,0
69.4,[],[],[],[],,0,0,0,0,0,0
69.5,[],[],[],[],,0,0,0,0,0,0
69.6,[],[],[],[],,0,0,0,0,0,0
69.7,[],[],[],[],,0,0,0,0,0,0
69.8,[],[],[],[],,0,0,0,0,0,0
69.9,[],[],[],[],,0,0,0,0,118,0
64.1,"['note_on', 'note_on']","[0, 0]","[41, 53]","[66, 48]",p,0,2,0,0,"[92, 0]",0
64.2,[],[],[],[],,0,0,0,0,"[8, 20, 28, 38, 50, 58, 64, 72, 78]",0
64.3,['note_on'],[0],[57],[66],mp,0,1,0,0,"[86, 92, 98, 106, 114, 120, 126, 127]",0
64.4,[],[],[],[],,0,0,0,0,0,0
64.5,['note_on'],[0],[60],[58],p,0,1,0,0,0,0
64.6,[],[],[],[],,0,0,0,0,0,0
63.5,['note_on'],[0],[64],[68],mp,0,1,0,0,0,0
63.6,['note_on'],[0],[57],[66],mp,0,1,0,0,0,0
63.8,['note_on'],[0],[60],[71],mp,0,1,0,0,0,0
63.9,[],[],[],[],,0,0,0,0,0,0
64.0,['note_on'],[0],[64],[73],mp,0,1,0,0,0,0
64.2,['note_on'],[0],[41],[78],mf,1,1,0,0,"[120, 100, 82, 58, 32]",0
64.3,[],[],[],[],,0,0,0,0,0,0
65.6,[],[],[],[],,0,0,0,0,0,0
65.7,['note_on'],[0],[53],[59],p,0,1,0,0,0,0
65.8,[],[],[],[],,0,0,0,0,"[16, 32, 48]",0
65.9,['note_on'],[0],[57],[66],mp,0,1,0,0,"[60, 70, 80, 90, 98, 104, 112, 118, 124, 127]",0
66.1,['note_on'],[0],[60],[66],mp,0,1,0,0,0,0
66.2,[],[],[],[],,0,0,0,0,0,0
65.6,"['note_on', 'note_on']","[0, 0]","[64, 57]","[73, 68]",mp,0,2,0,0,0,0
65.8,['note_on'],[0],[60],[71],mp,0,1,0,0,0,0
66.1,['note_on'],[0],[64],[66],mp,0,1,0,0,0,0
72.2,[],[],[],[],,0,0,0,0,0,0
72.3,[],[],[],[],,0,0,0,0,0,0
68.5,['note_on'],[0],[42],[63],mp,0,1,0,0,"[124, 106, 88, 62, 0]",0
68.7,['note_on'],[0],[48],[63],mp,0,1,0,0,0,0
68.9,['note_on'],[0],[57],[73],mp,0,1,0,0,"[10, 26, 36, 48, 58, 65, 72, 80]",0
69.0,[],[],[],[],,0,0,0,0,"[86, 94, 102, 112, 120, 127]",0
69.1,['note_on'],[0],[60],[71],mp,0,1,0,0,0,0
68.5,"['note_on', 'note_on']","[0, 0]","[63, 57]","[88, 73]",mf,1,2,0,0,0,0
68.6,[],[],[],[],,0,0,0,0,0,0
68.7,['note_on'],[0],[60],[76],mf,1,1,0,0,0,0
68.8,[],[],[],[],,0,0,0,0,0,0
68.9,['note_on'],[0],[63],[88],f,1,1,0,0,0,0
69.0,[],[],[],[],,0,0,0,0,0,0
69.1,['note_on'],[0],[42],[87],mf,1,1,0,0,0,0
69.2,[],[],[],[],,0,0,0,0,"[110, 92, 72]",0
70.2,[],[],[],[],,0,0,0,0,"[50, 30, 8, 0]",0
70.3,['note_on'],[0],[48],[71],mp,0,1,0,0,0,0
70.5,['note_on'],[0],[57],[82],mf,1,1,0,0,"[6, 20, 28, 40, 52, 60, 70, 78, 86]",0
70.6,[],[],[],[],,0,0,0,0,"[90, 98, 104, 112, 118, 124, 127]",0
70.7,['note_on'],[0],[60],[71],mp,0,1,0,0,0,0
69.6,['note_on'],[0],[63],[75],mf,0,1,0,0,0,0
69.7,['note_on'],[0],[57],[63],mp,0,1,0,0,0,0
69.9,['note_on'],[0],[60],[73],mp,0,1,0,0,0,0
70.1,['note_on'],[0],[63],[58],p,0,1,0,0,0,0
74.6,[],[],[],[],,0,0,0,0,0,0
74.7,[],[],[],[],,0,0,0,0,0,0
74.8,[],[],[],[],,0,0,0,0,0,0
74.9,[],[],[],[],,0,0,0,0,0,0
75.0,[],[],[],[],,0,0,0,0,0,0
75.1,[],[],[],[],,0,0,0,0,0,0
75.2,[],[],[],[],,0,0,0,0,0,0
75.3,[],[],[],[],,0,0,0,0,0,0
75.4,[],[],[],[],,0,0,0,0,0,0
75.5,[],[],[],[],,0,0,0,0,0,0
75.6,[],[],[],[],,0,0,0,0,0,0
75.7,[],[],[],[],,0,0,0,0,0,0
75.8,[],[],[],[],,0,0,0,0,0,0
75.9,[],[],[],[],,0,0,0,0,0,0
76.0,[],[],[],[],,0,0,0,0,0,0
76.1,[],[],[],[],,0,0,0,0,0,0
76.2,[],[],[],[],,0,0,0,0,0,0
76.3,[],[],[],[],,0,0,0,0,0,0
76.4,[],[],[],[],,0,0,0,0,0,0
76.5,[],[],[],[],,0,0,0,0,0,0
76.6,[],[],[],[],,0,0,0,0,0,0
76.7,[],[],[],[],,0,0,0,0,0,0
76.8,[],[],[],[],,0,0,0,0,0,0
76.9,[],[],[],[],,0,0,0,0,0,0
77.0,[],[],[],[],,0,0,0,0,0,0
77.1,[],[],[],[],,0,0,0,0,0,0
77.2,[],[],[],[],,0,0,0,0,0,0
77.3,[],[],[],[],,0,0,0,0,0,0
77.4,[],[],[],[],,0,0,0,0,0,0
77.5,[],[],[],[],,0,0,0,0,0,0
77.6,[],[],[],[],,0,0,0,0,0,0
77.7,[],[],[],[],,0,0,0,0,0,0
77.8,[],[],[],[],,0,0,0,0,0,0
77.9,[],[],[],[],,0,0,0,0,0,0
78.0,[],[],[],[],,0,0,0,0,0,0
78.1,[],[],[],[],,0,0,0,0,0,0
78.2,[],[],[],[],,0,0,0,0,0,0
78.3,[],[],[],[],,0,0,0,0,0,0
78.4,[],[],[],[],,0,0,0,0,0,0
78.5,[],[],[],[],,0,0,0,0,0,0
78.6,[],[],[],[],,0,0,0,0,0,0
78.7,[],[],[],[],,0,0,0,0,0,0
78.8,[],[],[],[],,0,0,0,0,0,0
78.9,[],[],[],[],,0,0,0,0,0,0
79.0,[],[],[],[],,0,0,0,0,0,0
79.1,[],[],[],[],,0,0,0,0,0,0
79.2,[],[],[],[],,0,0,0,0,0,0
79.3,[],[],[],[],,0,0,0,0,0,0
79.4,[],[],[],[],,0,0,0,0,0,0
79.5,[],[],[],[],,0,0,0,0,0,0
79.6,[],[],[],[],,0,0,0,0,0,0
79.7,[],[],[],[],,0,0,0,0,0,0
79.8,[],[],[],[],,0,0,0,0,0,0
79.9,[],[],[],[],,0,0,0,0,0,0
80.0,[],[],[],[],,0,0,0,0,0,0
80.1,[],[],[],[],,0,0,0,0,0,0
80.2,[],[],[],[],,0,0,0,0,0,0
80.3,[],[],[],[],,0,0,0,0,0,0
80.4,[],[],[],[],,0,0,0,0,0,0
80.5,[],[],[],[],,0,0,0,0,0,0
80.6,[],[],[],[],,0,0,0,0,0,0
80.7,[],[],[],[],,0,0,0,0,0,0
80.8,[],[],[],[],,0,0,0,0,0,0
80.9,[],[],[],[],,0,0,0,0,0,0
81.0,[],[],[],[],,0,0,0,0,0,0
81.1,[],[],[],[],,0,0,0,0,0,0
81.2,[],[],[],[],,0,0,0,0,0,0
81.3,[],[],[],[],,0,0,0,0,0,0
81.4,[],[],[],[],,0,0,0,0,0,0
81.5,[],[],[],[],,0,0,0,0,0,0
81.6,[],[],[],[],,0,0,0,0,0,0
81.7,[],[],[],[],,0,0,0,0,0,0
81.8,[],[],[],[],,0,0,0,0,0,0
81.9,[],[],[],[],,0,0,0,0,0,0
82.0,[],[],[],[],,0,0,0,0,0,0
82.1,[],[],[],[],,0,0,0,0,0,0
82.2,[],[],[],[],,0,0,0,0,0,0
82.3,['note_on'],[0],[44],[75],mf,0,1,0,0,"[126, 108]",0
69.5,['note_on'],[0],[53],[48],pp,0,1,0,0,"[90, 65, 40, 0]",0
69.7,['note_on'],[0],[59],[59],p,0,1,0,0,"[4, 12, 20, 26, 32, 38, 44, 50, 58]",0
69.8,[],[],[],[],,0,0,0,0,"[62, 66, 72, 78, 84, 88, 92, 96, 100, 104, 108]",0
69.9,['note_on'],[0],[60],[56],p,0,1,0,0,"[112, 116, 120, 124, 126, 127]",0
70.1,['note_on'],[0],[62],[54],p,0,1,0,0,0,0
68.6,['note_on'],[0],[59],[53],p,0,1,0,0,0,0
68.7,['note_on'],[0],[60],[54],p,0,1,0,0,0,0
68.9,['note_on'],[0],[62],[54],p,0,1,0,0,0,0
73.8,['note_on'],[0],[44],[53],p,0,1,0,0,0,0
71.1,['note_on'],[0],[53],[51],p,0,1,0,0,"[116, 98, 78, 56, 32, 1, 0]",0
71.3,[],[],[],[],,0,0,0,0,"[6, 18, 28, 38, 48, 58, 64, 70, 76, 82]",0
71.4,['note_on'],[0],[59],[56],p,0,1,0,0,"[90, 96, 100, 108, 114, 122, 127]",0
71.5,['note_on'],[0],[60],[48],pp,0,1,0,0,0,0
71.7,['note_on'],[0],[62],[49],p,0,1,0,0,0,0
71.9,[],[],[],[],,0,0,0,0,0,0
70.7,['note_on'],[0],[59],[48],pp,0,1,0,0,0,0
70.8,['note_on'],[0],[60],[54],p,0,1,0,0,0,0
70.9,[],[],[],[],,0,0,0,0,0,0
71.0,['note_on'],[0],[62],[54],p,0,1,0,0,0,0
74.9,[],[],[],[],,0,0,0,0,0,0
75.0,['note_on'],[0],[43],[71],mp,0,1,0,0,0,0
75.1,[],[],[],[],,0,0,0,0,"[110, 50, 16, 0]",0
75.2,['note_on'],[0],[53],[53],p,0,1,0,0,0,0
75.3,[],[],[],[],,0,0,0,0,"[6, 16]",0
75.4,[],[],[],[],,0,0,0,0,"[26, 34, 44, 56, 64, 70, 78, 84, 90, 92]",0
75.5,['note_on'],[0],[55],[48],pp,0,1,0,0,"[98, 104, 110, 118, 126, 127]",0
75.6,[],[],[],[],,0,0,0,0,0,0
73.3,['note_on'],[0],[59],[51],p,0,1,0,0,0,0
73.4,['note_on'],[0],[62],[59],p,0,1,0,0,0,0
73.5,[],[],[],[],,0,0,0,0,0,0
73.6,['note_on'],[0],[55],[59],p,0,1,0,0,0,0
73.7,[],[],[],[],,0,0,0,0,0,0
73.8,['note_on'],[0],[59],[54],p,0,1,0,0,0,0
73.9,[],[],[],[],,0,0,0,0,0,0
74.0,['note_on'],[0],[62],[54],p,0,1,0,0,0,0
74.1,[],[],[],[],,0,0,0,0,0,0
76.2,['note_on'],[0],[43],[59],p,0,1,0,0,"[118, 98, 78, 24, 0]",0
76.4,['note_on'],[0],[53],[53],p,0,1,0,0,0,0
76.5,[],[],[],[],,0,0,0,0,"[10, 26, 40, 56, 70, 82, 92, 102, 112, 120, 126]",0
76.6,['note_on'],[0],[55],[44],pp,0,1,0,0,127,0
74.8,['note_on'],[0],[59],[61],p,0,1,0,0,0,0
74.9,[],[],[],[],,0,0,0,0,0,0
75.0,['note_on'],[0],[62],[61],p,0,1,0,0,0,0
75.1,[],[],[],[],,0,0,0,0,0,0
75.2,['note_on'],[0],[55],[49],p,0,1,0,0,0,0
75.3,[],[],[],[],,0,0,0,0,0,0
75.4,['note_on'],[0],[59],[66],mp,0,1,0,0,0,0
75.5,[],[],[],[],,0,0,0,0,0,0
79.8,['note_on'],[0],[62],[56],p,0,1,0,0,0,0
77.3,['note_on'],[0],[43],[68],mp,0,1,0,0,"[124, 108, 92, 76, 54, 30, 0]",0
77.5,['note_on'],[0],[52],[59],p,0,1,0,0,0,0
77.6,[],[],[],[],,0,0,0,0,"[8, 20, 36, 52, 64, 74]",0
77.7,['note_on'],[0],[55],[56],p,0,1,0,0,"[86, 92, 98, 108, 114, 120, 127]",0
76.6,"['note_on', 'note_on']","[0, 0]","[60, 64]","[56, 71]",mp,0,2,0,0,0,0
76.8,['note_on'],[0],[55],[68],mp,0,1,0,0,0,0
77.0,['note_on'],[0],[60],[76],mf,1,1,0,0,0,0
77.1,[],[],[],[],,0,0,0,0,0,0
77.2,['note_on'],[0],[64],[73],mp,0,1,0,0,0,0
79.0,['note_on'],[0],[43],[73],mp,0,1,0,0,"[126, 108, 90, 64, 0]",0
79.2,['note_on'],[0],[52],[71],mp,0,1,0,0,0,0
79.3,[],[],[],[],,0,0,0,0,"[10, 28, 42, 56, 68, 80, 92, 102, 114, 124]",0
79.4,['note_on'],[0],[55],[71],mp,0,1,0,0,127,0
79.5,[],[],[],[],,0,0,0,0,0,0
77.6,['note_on'],[0],[60],[61],p,0,1,0,0,0,0
77.7,['note_on'],[0],[64],[71],mp,0,1,0,0,0,0
77.8,[],[],[],[],,0,0,0,0,0,0
77.9,['note_on'],[0],[55],[68],mp,0,1,0,0,0,0
78.0,[],[],[],[],,0,0,0,0,0,0
78.1,['note_on'],[0],[60],[66],mp,0,1,0,0,0,0
78.3,['note_on'],[0],[64],[73],mp,0,1,0,0,0,0
79.0,['note_on'],[0],[43],[85],mf,1,1,0,0,"[122, 104, 84, 60, 32, 0]",0
79.2,['note_on'],[0],[50],[76],mf,1,1,0,0,0,0
79.3,[],[],[],[],,0,0,0,0,"[4, 18, 30, 42, 56, 66, 76, 86]",0
79.4,['note_on'],[0],[55],[76],mf,1,1,0,0,"[94, 102, 110, 118, 124, 127]",0
77.7,"['note_on', 'note_on']","[0, 0]","[60, 65]","[80, 80]",mf,1,2,0,0,0,0
77.9,['note_on'],[0],[55],[68],mp,0,1,0,0,0,0
78.0,[],[],[],[],,0,0,0,0,0,0
78.1,['note_on'],[0],[60],[68],mp,0,1,0,0,0,0
78.2,[],[],[],[],,0,0,0,0,0,0
82.7,['note_on'],[0],[65],[80],mf,1,1,0,0,126,0
81.3,"['note_on', 'note_on']","[0, 0]","[43, 50]","[85, 76]",mf,1,2,0,0,"[100, 42, 0]",0
81.4,[],[],[],[],,0,0,0,0,"[4, 14, 26, 36, 48, 56, 65]",0
81.5,['note_on'],[0],[55],[63],mp,0,1,0,0,"[74, 82, 90, 96, 100, 106, 112, 118, 124, 127]",0
79.3,"['note_on', 'note_on']","[0, 0]","[60, 65]","[73, 82]",mf,1,2,0,0,0,0
79.4,[],[],[],[],,0,0,0,0,0,0
79.5,['note_on'],[0],[55],[76],mf,1,1,0,0,0,0
80.6,[],[],[],[],,0,0,0,0,0,0
80.7,['note_on'],[0],[60],[73],mp,0,1,0,0,0,0
82.6,['note_on'],[0],[65],[76],mf,1,1,0,0,0,0
82.7,['note_on'],[0],[43],[85],mf,1,1,0,0,"[114, 92, 65, 0]",0
82.9,['note_on'],[0],[50],[73],mp,0,1,0,0,0,0
83.0,[],[],[],[],,0,0,0,0,"[4, 18, 28, 40, 54, 62, 70, 78, 86]",0
83.1,['note_on'],[0],[55],[68],mp,0,1,0,0,"[92, 98, 104, 112, 118, 126, 127]",0
81.8,"['note_on', 'note_on']","[0, 0]","[59, 65]","[76, 87]",mf,1,2,0,0,0,0
81.9,[],[],[],[],,0,0,0,0,0,0
82.0,['note_on'],[0],[55],[66],mp,0,1,0,0,0,0
82.2,['note_on'],[0],[59],[73],mp,0,1,0,0,0,0
82.4,['note_on'],[0],[65],[80],mf,1,1,0,0,0,0
84.2,['note_on'],[0],[43],[85],mf,1,1,0,0,114,0
84.3,[],[],[],[],,0,0,0,0,"[94, 72, 0]",0
84.4,['note_on'],[0],[50],[66],mp,0,1,0,0,0,0
84.6,['note_on'],[0],[55],[66],mp,0,1,0,0,"[6, 20, 32, 42, 56, 65, 74, 82, 90, 94]",0
84.7,[],[],[],[],,0,0,0,0,"[100, 108, 116, 124, 127]",0
84.8,['note_on'],[0],[59],[85],mf,1,1,0,0,0,0
83.3,[],[],[],[],,0,0,0,0,0,0
83.4,['note_on'],[0],[65],[82],mf,1,1,0,0,0,0
83.5,[],[],[],[],,0,0,0,0,0,0
83.6,['note_on'],[0],[55],[85],mf,1,1,0,0,0,0
83.7,['note_on'],[0],[59],[96],f,1,1,0,0,0,0
83.8,[],[],[],[],,0,0,0,0,0,0
88.5,['note_on'],[0],[65],[90],f,1,1,0,0,0,0
85.8,['note_on'],[0],[43],[82],mf,1,1,0,0,"[116, 96, 76, 52, 1]",0
85.9,[],[],[],[],,0,0,0,0,0,0
86.0,['note_on'],[0],[51],[75],mf,0,1,0,0,0,0
86.2,['note_on'],[0],[57],[80],mf,1,1,0,0,"[6, 20, 30, 42, 54, 64, 72, 80, 88, 92, 98]",0
86.3,[],[],[],[],,0,0,0,0,"[106, 112, 120, 127]",0
86.4,['note_on'],[0],[60],[93],f,1,1,0,0,0,0
86.6,['note_on'],[0],[66],[97],f,1,1,0,0,0,0
89.1,[],[],[],[],,0,0,0,0,0,0
89.2,['note_on'],[0],[57],[73],mp,0,1,0,0,0,0
89.3,['note_on'],[0],[60],[82],mf,1,1,0,0,0,0
89.4,[],[],[],[],,0,0,0,0,0,0
89.5,['note_on'],[0],[66],[100],f,1,1,0,0,0,0
89.6,[],[],[],[],,0,0,0,0,0,0
87.4,['note_on'],[0],[43],[90],f,1,1,0,0,"[116, 100, 86, 65, 48, 30, 14, 0]",0
87.6,['note_on'],[0],[51],[81],mf,1,1,0,0,0,0
87.7,[],[],[],[],,0,0,0,0,"[12, 30, 50, 64, 78]",0
87.8,['note_on'],[0],[57],[76],mf,1,1,0,0,"[90, 98, 108, 116, 124, 127]",0
88.0,['note_on'],[0],[60],[87],mf,1,1,0,0,0,0
88.2,['note_on'],[0],[66],[91],f,1,1,0,0,0,0
88.4,[],[],[],[],,0,0,0,0,0,0
91.4,['note_on'],[0],[57],[68],mp,0,1,0,0,0,0
91.5,[],[],[],[],,0,0,0,0,0,0
91.6,['note_on'],[0],[60],[80],mf,1,1,0,0,0,0
91.8,['note_on'],[0],[66],[91],f,1,1,0,0,0,0
95.9,[],[],[],[],,0,0,0,0,0,0
96.0,[],[],[],[],,0,0,0,0,0,0
96.1,[],[],[],[],,0,0,0,0,0,0
96.2,[],[],[],[],,0,0,0,0,0,0
96.3,[],[],[],[],,0,0,0,0,0,0
96.4,[],[],[],[],,0,0,0,0,0,0
96.5,[],[],[],[],,0,0,0,0,0,0
96.6,[],[],[],[],,0,0,0,0,0,0
96.7,[],[],[],[],,0,0,0,0,0,0
96.8,[],[],[],[],,0,0,0,0,0,0
96.9,[],[],[],[],,0,0,0,0,0,0
97.0,[],[],[],[],,0,0,0,0,0,0
97.1,[],[],[],[],,0,0,0,0,0,0
96.0,['note_on'],[0],[43],[96],f,1,1,0,0,"[114, 94, 44, 16, 0]",0
96.1,['note_on'],[0],[52],[80],mf,1,1,0,0,0,0
96.3,[],[],[],[],,0,0,0,0,"[4, 20, 32, 48, 60, 72, 84, 92, 98, 108]",0
96.4,['note_on'],[0],[55],[73],mp,0,1,0,0,"[114, 120, 126, 127]",0
96.5,['note_on'],[0],[60],[80],mf,1,1,0,0,0,0
90.3,['note_on'],[0],[67],[96],f,1,1,0,0,0,0
90.5,['note_on'],[0],[55],[85],mf,1,1,0,0,0,0
90.7,['note_on'],[0],[60],[82],mf,1,1,0,0,0,0
90.8,[],[],[],[],,0,0,0,0,0,0
90.9,['note_on'],[0],[67],[100],f,1,1,0,0,0,0
91.0,[],[],[],[],,0,0,0,0,0,0
91.1,['note_on'],[0],[43],[90],f,1,1,0,0,"[114, 96, 76]",0
95.6,[],[],[],[],,0,0,0,0,"[54, 0]",0
95.7,[],[],[],[],,0,0,0,0,0,0
95.8,['note_on'],[0],[52],[73],mp,0,1,0,0,0,0
95.9,[],[],[],[],,0,0,0,0,"[2, 14, 26]",0
96.0,['note_on'],[0],[55],[90],f,1,1,0,0,"[36, 48, 58, 68, 78, 88, 96, 104, 110, 118]",0
96.1,[],[],[],[],,0,0,0,0,"[126, 127]",0
91.9,"['note_on', 'note_on']","[0, 0]","[60, 67]","[80, 100]",f,1,2,0,0,0,0
92.1,['note_on'],[0],[55],[93],f,1,1,0,0,0,0
92.2,[],[],[],[],,0,0,0,0,0,0
92.3,['note_on'],[0],[60],[85],mf,1,1,0,0,0,0
92.4,[],[],[],[],,0,0,0,0,0,0
92.5,['note_on'],[0],[67],[98],f,1,1,0,0,0,0
99.2,[],[],[],[],,0,0,0,0,0,0
92.8,['note_on'],[0],[43],[98],f,1,1,0,0,"[124, 106, 88, 65, 40, 0]",0
93.0,['note_on'],[0],[50],[93],f,1,1,0,0,0,0
93.1,['note_on'],[0],[55],[100],f,1,1,0,0,"[6, 20, 32, 46, 58, 68, 80, 90, 100]",0
93.2,[],[],[],[],,0,0,0,0,"[110, 118, 126, 127]",0
93.3,['note_on'],[0],[60],[80],mf,1,1,0,0,0,0
93.4,[],[],[],[],,0,0,0,0,0,0
93.5,['note_on'],[0],[65],[87],mf,1,1,0,0,0,0
93.6,[],[],[],[],,0,0,0,0,0,0
91.9,['note_on'],[0],[55],[85],mf,1,1,0,0,0,0
92.1,['note_on'],[0],[60],[90],f,1,1,0,0,0,0
92.2,[],[],[],[],,0,0,0,0,0,0
92.3,['note_on'],[0],[65],[96],f,1,1,0,0,0,0
94.4,['note_on'],[0],[43],[96],f,1,1,0,0,"[124, 106, 88, 65, 42, 16, 0]",0
94.6,['note_on'],[0],[50],[85],mf,1,1,0,0,0,0
94.7,[],[],[],[],,0,0,0,0,"[2, 14, 26, 36]",0
94.8,['note_on'],[0],[55],[80],mf,1,1,0,0,"[50, 60, 70, 80, 90, 98, 108, 118, 127]",0
95.0,['note_on'],[0],[60],[90],f,1,1,0,0,0,0
93.5,"['note_on', 'note_on']","[0, 0]","[65, 55]","[96, 85]",f,1,2,0,0,0,0
93.7,['note_on'],[0],[60],[73],mp,0,1,0,0,0,0
93.8,[],[],[],[],,0,0,0,0,0,0
93.9,['note_on'],[0],[65],[87],mf,1,1,0,0,0,0
101.8,[],[],[],[],,0,0,0,0,0,0
101.9,[],[],[],[],,0,0,0,0,0,0
102.0,[],[],[],[],,0,0,0,0,0,0
102.1,['note_on'],[0],[43],[59],p,0,1,0,0,"[114, 90, 64, 32]",0
96.2,['note_on'],[0],[50],[56],p,0,1,0,0,"[2, 0]",0
96.3,[],[],[],[],,0,0,0,0,"[10, 26, 36, 52, 60]",0
96.4,['note_on'],[0],[55],[56],p,0,1,0,0,"[70, 78, 86, 90, 96, 102, 108, 112, 118, 124]",0
96.5,[],[],[],[],,0,0,0,0,127,0
96.6,['note_on'],[0],[59],[61],p,0,1,0,0,0,0
96.7,[],[],[],[],,0,0,0,0,0,0
96.8,['note_on'],[0],[65],[71],mp,0,1,0,0,0,0
96.9,[],[],[],[],,0,0,0,0,0,0
97.0,['note_on'],[0],[55],[51],p,0,1,0,0,0,0
97.1,[],[],[],[],,0,0,0,0,0,0
97.2,['note_on'],[0],[59],[61],p,0,1,0,0,0,0
97.3,[],[],[],[],,0,0,0,0,0,0
97.4,['note_on'],[0],[65],[68],mp,0,1,0,0,0,0
97.5,[],[],[],[],,0,0,0,0,0,0
102.3,['note_on'],[0],[43],[63],mp,0,1,0,0,0,0
98.4,['note_on'],[0],[50],[63],mp,0,1,0,0,"[126, 110, 94, 72, 44, 16, 0]",0
98.6,['note_on'],[0],[55],[56],p,0,1,0,0,"[6, 20, 32, 44, 56, 65, 74, 82, 90, 94]",0
98.7,[],[],[],[],,0,0,0,0,"[100, 106, 114, 122, 127]",0
98.8,['note_on'],[0],[59],[63],mp,0,1,0,0,0,0
98.9,[],[],[],[],,0,0,0,0,0,0
99.0,['note_on'],[0],[65],[71],mp,0,1,0,0,0,0
99.2,['note_on'],[0],[55],[56],p,0,1,0,0,0,0
99.4,['note_on'],[0],[59],[68],mp,0,1,0,0,0,0
99.6,['note_on'],[0],[65],[71],mp,0,1,0,0,0,0
99.8,[],[],[],[],,0,0,0,0,0,0
101.2,['note_on'],[0],[36],[68],mp,0,1,0,0,"[118, 100, 82, 60, 0]",0
101.4,['note_on'],[0],[48],[63],mp,0,1,0,0,0,0
101.6,['note_on'],[0],[55],[59],p,0,1,0,0,"[2, 12, 20, 30, 40, 50, 58, 62, 68]",0
101.7,[],[],[],[],,0,0,0,0,"[74, 80, 86, 92, 98, 106, 112, 120, 126, 127]",0
101.8,['note_on'],[0],[58],[64],mp,0,1,0,0,0,0
93.7,['note_on'],[0],[64],[61],p,0,1,0,0,0,0
93.9,['note_on'],[0],[55],[56],p,0,1,0,0,0,0
94.1,['note_on'],[0],[58],[64],mp,0,1,0,0,0,0
94.2,[],[],[],[],,0,0,0,0,0,0
94.3,[],[],[],[],,0,0,0,0,0,0
105.7,[],[],[],[],,0,0,0,0,0,0
105.8,[],[],[],[],,0,0,0,0,0,0
105.9,[],[],[],[],,0,0,0,0,0,0
106.0,[],[],[],[],,0,0,0,0,0,0
106.1,[],[],[],[],,0,0,0,0,0,0
106.2,[],[],[],[],,0,0,0,0,0,0
106.3,[],[],[],[],,0,0,0,0,0,0
106.4,[],[],[],[],,0,0,0,0,0,0
106.5,[],[],[],[],,0,0,0,0,0,0
106.6,[],[],[],[],,0,0,0,0,0,0
106.7,[],[],[],[],,0,0,0,0,0,0
106.8,[],[],[],[],,0,0,0,0,0,0
106.9,[],[],[],[],,0,0,0,0,0,0
107.0,['note_on'],[0],[64],[66],mp,0,1,0,0,0,0
107.1,[],[],[],[],,0,0,0,0,0,0
102.8,['note_on'],[0],[36],[63],mp,0,1,0,0,"[116, 94, 0]",0
103.0,['note_on'],[0],[48],[59],p,0,1,0,0,0,0
103.1,[],[],[],[],,0,0,0,0,"[6, 20, 28, 38]",0
103.2,['note_on'],[0],[55],[71],mp,0,1,0,0,"[48, 56, 64, 70, 78, 86, 90, 98, 104, 110]",0
103.3,[],[],[],[],,0,0,0,0,"[118, 124, 127]",0
103.4,['note_on'],[0],[58],[68],mp,0,1,0,0,0,0
102.4,"['note_on', 'note_on']","[0, 0]","[64, 55]","[68, 66]",mp,0,2,0,0,0,0
102.6,['note_on'],[0],[58],[68],mp,0,1,0,0,0,0
102.7,[],[],[],[],,0,0,0,0,0,0
107.2,['note_on'],[0],[64],[59],p,0,1,0,0,0,0
107.3,['note_on'],[0],[36],[63],mp,0,1,0,0,"[116, 100, 82, 62]",0
104.4,[],[],[],[],,0,0,0,0,"[38, 10]",0
104.5,[],[],[],[],,0,0,0,0,0,0
104.6,['note_on'],[0],[48],[56],p,0,1,0,0,0,0
104.8,['note_on'],[0],[53],[63],mp,0,1,0,0,"[10, 34, 46]",0
104.9,[],[],[],[],,0,0,0,0,"[56, 64, 70, 76, 80, 86, 92, 98, 106, 112]",0
102.4,['note_on'],[0],[57],[68],mp,0,1,0,0,"[120, 126, 127]",0
102.5,['note_on'],[0],[60],[63],mp,0,1,0,0,0,0
105.5,['note_on'],[0],[65],[76],mf,1,1,0,0,0,0
105.7,['note_on'],[0],[60],[68],mp,0,1,0,0,0,0
105.8,[],[],[],[],,0,0,0,0,0,0
105.9,['note_on'],[0],[57],[73],mp,0,1,0,0,0,0
106.0,[],[],[],[],,0,0,0,0,0,0
102.8,"['note_on', 'note_on']","[0, 0]","[60, 57]","[71, 71]",mp,0,2,0,0,0,0
106.4,[],[],[],[],,0,0,0,0,0,0
106.5,['note_on'],[0],[53],[51],p,0,1,0,0,0,0
106.6,[],[],[],[],,0,0,0,0,0,0
106.7,['note_on'],[0],[57],[66],mp,0,1,0,0,0,0
106.8,[],[],[],[],,0,0,0,0,0,0
106.9,['note_on'],[0],[53],[58],p,0,1,0,0,0,0
110.2,[],[],[],[],,0,0,0,0,0,0
110.3,[],[],[],[],,0,0,0,0,0,0
110.4,[],[],[],[],,0,0,0,0,0,0
110.5,[],[],[],[],,0,0,0,0,0,0
110.6,[],[],[],[],,0,0,0,0,0,0
110.7,[],[],[],[],,0,0,0,0,0,0
110.8,['note_on'],[0],[50],[73],mp,0,1,0,0,0,0
110.9,[],[],[],[],,0,0,0,0,0,0
111.0,['note_on'],[0],[53],[61],p,0,1,0,0,0,0
111.1,[],[],[],[],,0,0,0,0,0,0
111.2,[],[],[],[],,0,0,0,0,0,0
111.3,[],[],[],[],,0,0,0,0,0,0
111.4,[],[],[],[],,0,0,0,0,0,0
111.5,[],[],[],[],,0,0,0,0,0,0
111.6,[],[],[],[],,0,0,0,0,0,0
111.7,[],[],[],[],,0,0,0,0,0,0
111.8,[],[],[],[],,0,0,0,0,0,0
111.9,[],[],[],[],,0,0,0,0,0,0
112.0,[],[],[],[],,0,0,0,0,0,0
112.1,[],[],[],[],,0,0,0,0,0,0
112.2,[],[],[],[],,0,0,0,0,0,0
112.3,[],[],[],[],,0,0,0,0,0,0
112.4,[],[],[],[],,0,0,0,0,0,0
112.5,[],[],[],[],,0,0,0,0,0,0
112.6,[],[],[],[],,0,0,0,0,0,0
112.7,[],[],[],[],,0,0,0,0,0,0
112.8,[],[],[],[],,0,0,0,0,0,0
112.9,[],[],[],[],,0,0,0,0,0,0
113.0,[],[],[],[],,0,0,0,0,0,0
113.1,[],[],[],[],,0,0,0,0,0,0
113.2,[],[],[],[],,0,0,0,0,0,0
113.3,[],[],[],[],,0,0,0,0,0,0
113.4,[],[],[],[],,0,0,0,0,0,0
113.5,[],[],[],[],,0,0,0,0,0,0
113.6,[],[],[],[],,0,0,0,0,0,0
113.7,[],[],[],[],,0,0,0,0,0,0
113.8,[],[],[],[],,0,0,0,0,0,0
113.9,[],[],[],[],,0,0,0,0,0,0
114.0,[],[],[],[],,0,0,0,0,0,0
114.1,[],[],[],[],,0,0,0,0,0,0
114.2,[],[],[],[],,0,0,0,0,0,0
114.3,[],[],[],[],,0,0,0,0,0,0
114.4,[],[],[],[],,0,0,0,0,0,0
114.5,[],[],[],[],,0,0,0,0,0,0
114.6,[],[],[],[],,0,0,0,0,0,0
114.7,[],[],[],[],,0,0,0,0,0,0
114.8,[],[],[],[],,0,0,0,0,0,0
114.9,[],[],[],[],,0,0,0,0,0,0
115.0,[],[],[],[],,0,0,0,0,0,0
115.1,[],[],[],[],,0,0,0,0,0,0
115.2,[],[],[],[],,0,0,0,0,0,0
115.3,[],[],[],[],,0,0,0,0,0,0
115.4,[],[],[],[],,0,0,0,0,0,0
115.5,[],[],[],[],,0,0,0,0,0,0
115.6,[],[],[],[],,0,0,0,0,0,0
115.7,[],[],[],[],,0,0,0,0,0,0
115.8,[],[],[],[],,0,0,0,0,0,0
115.9,[],[],[],[],,0,0,0,0,0,0
116.0,[],[],[],[],,0,0,0,0,0,0
116.1,[],[],[],[],,0,0,0,0,0,0
116.2,[],[],[],[],,0,0,0,0,0,0
116.3,[],[],[],[],,0,0,0,0,0,0
116.4,[],[],[],[],,0,0,0,0,0,0
116.5,[],[],[],[],,0,0,0,0,0,0
116.6,[],[],[],[],,0,0,0,0,0,0
116.7,[],[],[],[],,0,0,0,0,0,0
116.8,[],[],[],[],,0,0,0,0,0,0
116.9,[],[],[],[],,0,0,0,0,0,0
117.0,[],[],[],[],,0,0,0,0,0,0
117.1,[],[],[],[],,0,0,0,0,0,0
117.2,[],[],[],[],,0,0,0,0,0,0
117.3,[],[],[],[],,0,0,0,0,0,0
117.4,[],[],[],[],,0,0,0,0,0,0
117.5,[],[],[],[],,0,0,0,0,0,0
117.6,[],[],[],[],,0,0,0,0,0,0
117.7,[],[],[],[],,0,0,0,0,0,0
117.8,[],[],[],[],,0,0,0,0,0,0
117.9,[],[],[],[],,0,0,0,0,0,0
118.0,[],[],[],[],,0,0,0,0,0,0
118.1,[],[],[],[],,0,0,0,0,0,0
118.2,[],[],[],[],,0,0,0,0,0,0
118.3,[],[],[],[],,0,0,0,0,0,0
118.4,[],[],[],[],,0,0,0,0,0,0
118.5,[],[],[],[],,0,0,0,0,0,0
118.6,[],[],[],[],,0,0,0,0,0,0
118.7,['note_on'],[0],[50],[80],mf,1,1,0,0,0,0
118.8,[],[],[],[],,0,0,0,0,0,0
118.9,[],[],[],[],,0,0,0,0,0,0
119.0,[],[],[],[],,0,0,0,0,0,0
119.1,[],[],[],[],,0,0,0,0,0,0
119.2,[],[],[],[],,0,0,0,0,0,0
119.3,[],[],[],[],,0,0,0,0,0,0
119.4,[],[],[],[],,0,0,0,0,0,0
119.5,[],[],[],[],,0,0,0,0,0,0
119.6,[],[],[],[],,0,0,0,0,0,0
119.7,[],[],[],[],,0,0,0,0,0,0
119.8,[],[],[],[],,0,0,0,0,0,0
119.9,[],[],[],[],,0,0,0,0,0,0
120.0,[],[],[],[],,0,0,0,0,0,0
120.1,[],[],[],[],,0,0,0,0,0,0
120.2,[],[],[],[],,0,0,0,0,0,0
120.3,[],[],[],[],,0,0,0,0,0,0
120.4,[],[],[],[],,0,0,0,0,0,0
120.5,[],[],[],[],,0,0,0,0,0,0
120.6,[],[],[],[],,0,0,0,0,0,0
120.7,[],[],[],[],,0,0,0,0,0,0
120.8,[],[],[],[],,0,0,0,0,0,0
120.9,[],[],[],[],,0,0,0,0,0,0
121.0,[],[],[],[],,0,0,0,0,0,0
121.1,[],[],[],[],,0,0,0,0,0,0
121.2,[],[],[],[],,0,0,0,0,0,0
121.3,[],[],[],[],,0,0,0,0,0,0
121.4,[],[],[],[],,0,0,0,0,0,0
121.5,[],[],[],[],,0,0,0,0,0,0
121.6,[],[],[],[],,0,0,0,0,0,0
121.7,[],[],[],[],,0,0,0,0,0,0
121.8,[],[],[],[],,0,0,0,0,0,0
121.9,[],[],[],[],,0,0,0,0,0,0
122.0,[],[],[],[],,0,0,0,0,0,0
122.1,[],[],[],[],,0,0,0,0,0,0
122.2,[],[],[],[],,0,0,0,0,0,0
122.3,[],[],[],[],,0,0,0,0,0,0
122.4,[],[],[],[],,0,0,0,0,0,0
122.5,[],[],[],[],,0,0,0,0,0,0
122.6,[],[],[],[],,0,0,0,0,0,0
122.7,[],[],[],[],,0,0,0,0,0,0
122.8,[],[],[],[],,0,0,0,0,0,0
122.9,[],[],[],[],,0,0,0,0,0,0
123.0,[],[],[],[],,0,0,0,0,0,0
123.1,[],[],[],[],,0,0,0,0,0,0
123.2,[],[],[],[],,0,0,0,0,0,0
123.3,[],[],[],[],,0,0,0,0,0,0
123.4,[],[],[],[],,0,0,0,0,0,0
123.5,[],[],[],[],,0,0,0,0,0,0
123.6,[],[],[],[],,0,0,0,0,0,0
123.7,[],[],[],[],,0,0,0,0,0,0
123.8,[],[],[],[],,0,0,0,0,0,0
123.9,[],[],[],[],,0,0,0,0,0,0
124.0,[],[],[],[],,0,0,0,0,0,0
124.1,[],[],[],[],,0,0,0,0,0,0
124.2,[],[],[],[],,0,0,0,0,0,0
124.3,[],[],[],[],,0,0,0,0,0,0
124.4,[],[],[],[],,0,0,0,0,0,0
124.5,[],[],[],[],,0,0,0,0,0,0
124.6,[],[],[],[],,0,0,0,0,0,0
124.7,[],[],[],[],,0,0,0,0,0,0
124.8,[],[],[],[],,0,0,0,0,0,0
124.9,[],[],[],[],,0,0,0,0,0,0
125.0,[],[],[],[],,0,0,0,0,0,0
125.1,[],[],[],[],,0,0,0,0,0,0
125.2,[],[],[],[],,0,0,0,0,0,0
125.3,[],[],[],[],,0,0,0,0,0,0
125.4,[],[],[],[],,0,0,0,0,0,0
125.5,[],[],[],[],,0,0,0,0,0,0
125.6,[],[],[],[],,0,0,0,0,0,0
125.7,[],[],[],[],,0,0,0,0,0,0
125.8,[],[],[],[],,0,0,0,0,0,0
125.9,[],[],[],[],,0,0,0,0,0,0
126.0,[],[],[],[],,0,0,0,0,0,0
126.1,[],[],[],[],,0,0,0,0,0,0
126.2,[],[],[],[],,0,0,0,0,0,0
126.3,[],[],[],[],,0,0,0,0,0,0
126.4,[],[],[],[],,0,0,0,0,0,0
126.5,[],[],[],[],,0,0,0,0,0,0
126.6,[],[],[],[],,0,0,0,0,0,0
126.7,[],[],[],[],,0,0,0,0,0,0
126.8,[],[],[],[],,0,0,0,0,0,0
126.9,[],[],[],[],,0,0,0,0,0,0
127.0,[],[],[],[],,0,0,0,0,0,0
127.1,[],[],[],[],,0,0,0,0,0,0
127.2,[],[],[],[],,0,0,0,0,0,0
127.3,[],[],[],[],,0,0,0,0,0,0
127.4,[],[],[],[],,0,0,0,0,0,0
127.5,[],[],[],[],,0,0,0,0,0,0
127.6,[],[],[],[],,0,0,0,0,0,0
127.7,[],[],[],[],,0,0,0,0,0,0
127.8,[],[],[],[],,0,0,0,0,0,0
127.9,[],[],[],[],,0,0,0,0,0,0
128.0,[],[],[],[],,0,0,0,0,0,0
128.1,[],[],[],[],,0,0,0,0,0,0
128.2,[],[],[],[],,0,0,0,0,0,0
128.3,[],[],[],[],,0,0,0,0,0,0
128.4,[],[],[],[],,0,0,0,0,0,0
128.5,[],[],[],[],,0,0,0,0,0,0
128.6,[],[],[],[],,0,0,0,0,0,0
128.7,[],[],[],[],,0,0,0,0,0,0
128.8,[],[],[],[],,0,0,0,0,0,0
128.9,[],[],[],[],,0,0,0,0,0,0
129.0,[],[],[],[],,0,0,0,0,0,0
129.1,[],[],[],[],,0,0,0,0,0,0
129.2,[],[],[],[],,0,0,0,0,0,0
129.3,[],[],[],[],,0,0,0,0,0,0
129.4,[],[],[],[],,0,0,0,0,0,0
129.5,[],[],[],[],,0,0,0,0,0,0
129.6,[],[],[],[],,0,0,0,0,0,0
129.7,[],[],[],[],,0,0,0,0,0,0
129.8,[],[],[],[],,0,0,0,0,0,0
129.9,[],[],[],[],,0,0,0,0,0,0
130.0,[],[],[],[],,0,0,0,0,0,0
130.1,[],[],[],[],,0,0,0,0,0,0
130.2,[],[],[],[],,0,0,0,0,0,0
130.3,[],[],[],[],,0,0,0,0,0,0
130.4,[],[],[],[],,0,0,0,0,0,0
130.5,[],[],[],[],,0,0,0,0,0,0
130.6,[],[],[],[],,0,0,0,0,0,0
130.7,[],[],[],[],,0,0,0,0,0,0
130.8,[],[],[],[],,0,0,0,0,0,0
130.9,[],[],[],[],,0,0,0,0,0,0
131.0,[],[],[],[],,0,0,0,0,0,0
131.1,[],[],[],[],,0,0,0,0,0,0
131.2,[],[],[],[],,0,0,0,0,0,0
131.3,[],[],[],[],,0,0,0,0,0,0
131.4,[],[],[],[],,0,0,0,0,0,0
131.5,[],[],[],[],,0,0,0,0,0,0
131.6,[],[],[],[],,0,0,0,0,0,0
131.7,[],[],[],[],,0,0,0,0,0,0
131.8,[],[],[],[],,0,0,0,0,0,0
131.9,[],[],[],[],,0,0,0,0,0,0
132.0,[],[],[],[],,0,0,0,0,0,0
132.1,[],[],[],[],,0,0,0,0,0,0
132.2,[],[],[],[],,0,0,0,0,0,0
132.3,[],[],[],[],,0,0,0,0,0,0
132.4,[],[],[],[],,0,0,0,0,0,0
132.5,[],[],[],[],,0,0,0,0,0,0
132.6,[],[],[],[],,0,0,0,0,0,0
132.7,[],[],[],[],,0,0,0,0,0,0
132.8,[],[],[],[],,0,0,0,0,0,0
132.9,['note_on'],[0],[36],[76],mf,1,1,0,0,0,0
111.6,['note_on'],[0],[47],[80],mf,1,1,0,0,"[114, 98, 82, 64, 42, 22, 0]",0
111.8,['note_on'],[0],[67],[76],mf,1,1,0,0,"[2, 6, 12]",0
111.9,[],[],[],[],,0,0,0,0,"[20, 24, 28, 32, 38, 42, 48, 54, 58, 62]",0
112.0,['note_on'],[0],[71],[87],mf,1,1,0,0,"[65, 70, 72, 78, 80, 84, 88, 90, 92, 94]",0
112.1,[],[],[],[],,0,0,0,0,"[96, 98, 100, 104, 106, 108, 112, 114, 116, 120]",0
112.2,['note_on'],[0],[74],[90],f,1,1,0,0,"[124, 127]",0
112.4,['note_on'],[0],[77],[73],mp,0,1,0,0,0,0
112.6,['note_on'],[0],[74],[73],mp,0,1,0,0,0,0
112.7,['note_on'],[0],[71],[82],mf,1,1,0,0,0,0
112.9,['note_on'],[0],[74],[82],mf,1,1,0,0,0,0
113.1,['note_on'],[0],[71],[63],mp,0,1,0,0,0,0
126.7,['note_on'],[0],[67],[73],mp,0,1,0,0,0,0
126.9,['note_on'],[0],[71],[66],mp,0,1,0,0,0,0
127.1,['note_on'],[0],[62],[59],p,0,1,0,0,0,0
127.3,[],[],[],[],,0,0,0,0,0,0
127.4,['note_on'],[0],[65],[59],p,0,1,0,0,0,0
134.6,[],[],[],[],,0,0,0,0,0,0
134.7,[],[],[],[],,0,0,0,0,0,0
134.8,[],[],[],[],,0,0,0,0,0,0
134.9,[],[],[],[],,0,0,0,0,0,0
135.0,[],[],[],[],,0,0,0,0,0,0
135.1,[],[],[],[],,0,0,0,0,0,0
135.2,[],[],[],[],,0,0,0,0,0,0
135.3,[],[],[],[],,0,0,0,0,0,0
135.4,[],[],[],[],,0,0,0,0,0,0
135.5,[],[],[],[],,0,0,0,0,0,0
135.6,[],[],[],[],,0,0,0,0,0,0
135.7,[],[],[],[],,0,0,0,0,0,0
135.8,[],[],[],[],,0,0,0,0,0,0
135.9,[],[],[],[],,0,0,0,0,0,0
136.0,[],[],[],[],,0,0,0,0,0,0
136.1,[],[],[],[],,0,0,0,0,0,0
136.2,[],[],[],[],,0,0,0,0,0,0
136.3,[],[],[],[],,0,0,0,0,0,0
136.4,[],[],[],[],,0,0,0,0,0,0
136.5,[],[],[],[],,0,0,0,0,0,0
136.6,[],[],[],[],,0,0,0,0,0,0
136.7,[],[],[],[],,0,0,0,0,0,0
136.8,[],[],[],[],,0,0,0,0,0,0
136.9,[],[],[],[],,0,0,0,0,0,0
137.0,[],[],[],[],,0,0,0,0,0,0
137.1,[],[],[],[],,0,0,0,0,0,0
137.2,[],[],[],[],,0,0,0,0,0,0
137.3,[],[],[],[],,0,0,0,0,0,0
137.4,[],[],[],[],,0,0,0,0,0,0
137.5,[],[],[],[],,0,0,0,0,0,0
137.6,[],[],[],[],,0,0,0,0,0,0
137.7,[],[],[],[],,0,0,0,0,0,0
137.8,[],[],[],[],,0,0,0,0,0,0
137.9,[],[],[],[],,0,0,0,0,0,0
138.0,[],[],[],[],,0,0,0,0,0,0
138.1,[],[],[],[],,0,0,0,0,0,0
138.2,[],[],[],[],,0,0,0,0,0,0
138.3,[],[],[],[],,0,0,0,0,0,0
138.4,[],[],[],[],,0,0,0,0,0,0
138.5,[],[],[],[],,0,0,0,0,0,0
138.6,[],[],[],[],,0,0,0,0,0,0
138.7,[],[],[],[],,0,0,0,0,0,0
138.8,[],[],[],[],,0,0,0,0,0,0
138.9,[],[],[],[],,0,0,0,0,0,0
139.0,[],[],[],[],,0,0,0,0,0,0
139.1,[],[],[],[],,0,0,0,0,0,0
139.2,[],[],[],[],,0,0,0,0,0,0
139.3,[],[],[],[],,0,0,0,0,0,0
139.4,[],[],[],[],,0,0,0,0,0,0
139.5,[],[],[],[],,0,0,0,0,0,0
139.6,[],[],[],[],,0,0,0,0,0,0
139.7,[],[],[],[],,0,0,0,0,0,0
139.8,[],[],[],[],,0,0,0,0,0,0
139.9,[],[],[],[],,0,0,0,0,0,0
140.0,[],[],[],[],,0,0,0,0,0,0
140.1,[],[],[],[],,0,0,0,0,0,0
140.2,[],[],[],[],,0,0,0,0,0,0
140.3,[],[],[],[],,0,0,0,0,0,0
140.4,[],[],[],[],,0,0,0,0,0,0
140.5,[],[],[],[],,0,0,0,0,0,0
140.6,[],[],[],[],,0,0,0,0,0,0
140.7,[],[],[],[],,0,0,0,0,0,0
140.8,[],[],[],[],,0,0,0,0,0,0
140.9,[],[],[],[],,0,0,0,0,0,0
141.0,[],[],[],[],,0,0,0,0,0,0
141.1,[],[],[],[],,0,0,0,0,0,0
141.2,[],[],[],[],,0,0,0,0,0,0
141.3,[],[],[],[],,0,0,0,0,0,0
141.4,[],[],[],[],,0,0,0,0,0,0
141.5,[],[],[],[],,0,0,0,0,0,0
141.6,[],[],[],[],,0,0,0,0,0,0
141.7,[],[],[],[],,0,0,0,0,0,0
141.8,[],[],[],[],,0,0,0,0,0,0
141.9,[],[],[],[],,0,0,0,0,0,0
142.0,[],[],[],[],,0,0,0,0,0,0
142.1,[],[],[],[],,0,0,0,0,0,0
142.2,[],[],[],[],,0,0,0,0,0,0
142.3,[],[],[],[],,0,0,0,0,0,0
142.4,[],[],[],[],,0,0,0,0,0,0
142.5,[],[],[],[],,0,0,0,0,0,0
142.6,[],[],[],[],,0,0,0,0,0,0
142.7,[],[],[],[],,0,0,0,0,0,0
142.8,[],[],[],[],,0,0,0,0,0,0
142.9,[],[],[],[],,0,0,0,0,0,0
143.0,[],[],[],[],,0,0,0,0,0,0
143.1,[],[],[],[],,0,0,0,0,0,0
143.2,[],[],[],[],,0,0,0,0,0,0
143.3,[],[],[],[],,0,0,0,0,0,0
143.4,[],[],[],[],,0,0,0,0,0,0
143.5,[],[],[],[],,0,0,0,0,0,0
143.6,[],[],[],[],,0,0,0,0,0,0
143.7,[],[],[],[],,0,0,0,0,0,0
143.8,[],[],[],[],,0,0,0,0,0,0
143.9,[],[],[],[],,0,0,0,0,0,0
144.0,[],[],[],[],,0,0,0,0,0,0
144.1,[],[],[],[],,0,0,0,0,0,0
144.2,[],[],[],[],,0,0,0,0,0,0
144.3,[],[],[],[],,0,0,0,0,0,0
144.4,[],[],[],[],,0,0,0,0,0,0
144.5,[],[],[],[],,0,0,0,0,0,0
144.6,[],[],[],[],,0,0,0,0,0,0
144.7,[],[],[],[],,0,0,0,0,0,0
144.8,[],[],[],[],,0,0,0,0,0,0
144.9,[],[],[],[],,0,0,0,0,0,0
145.0,[],[],[],[],,0,0,0,0,0,0
145.1,[],[],[],[],,0,0,0,0,0,0
145.2,[],[],[],[],,0,0,0,0,0,0
145.3,[],[],[],[],,0,0,0,0,0,0
145.4,[],[],[],[],,0,0,0,0,0,0
145.5,[],[],[],[],,0,0,0,0,0,0
145.6,[],[],[],[],,0,0,0,0,0,0
145.7,[],[],[],[],,0,0,0,0,0,0
145.8,[],[],[],[],,0,0,0,0,0,0
145.9,[],[],[],[],,0,0,0,0,0,0
146.0,[],[],[],[],,0,0,0,0,0,0
146.1,[],[],[],[],,0,0,0,0,0,0
146.2,[],[],[],[],,0,0,0,0,0,0
146.3,[],[],[],[],,0,0,0,0,0,0
146.4,[],[],[],[],,0,0,0,0,0,0
146.5,[],[],[],[],,0,0,0,0,0,0
146.6,[],[],[],[],,0,0,0,0,0,0
146.7,[],[],[],[],,0,0,0,0,0,0
146.8,[],[],[],[],,0,0,0,0,0,0
146.9,[],[],[],[],,0,0,0,0,0,0
147.0,[],[],[],[],,0,0,0,0,0,0
147.1,[],[],[],[],,0,0,0,0,0,0
147.2,[],[],[],[],,0,0,0,0,0,0
147.3,[],[],[],[],,0,0,0,0,0,0
147.4,[],[],[],[],,0,0,0,0,0,0
147.5,[],[],[],[],,0,0,0,0,0,0
147.6,[],[],[],[],,0,0,0,0,0,0
147.7,[],[],[],[],,0,0,0,0,0,0
147.8,[],[],[],[],,0,0,0,0,0,0
147.9,[],[],[],[],,0,0,0,0,0,0
148.0,[],[],[],[],,0,0,0,0,0,0
148.1,[],[],[],[],,0,0,0,0,0,0
148.2,[],[],[],[],,0,0,0,0,0,0
148.3,[],[],[],[],,0,0,0,0,0,0
148.4,[],[],[],[],,0,0,0,0,0,0
148.5,[],[],[],[],,0,0,0,0,0,0
148.6,[],[],[],[],,0,0,0,0,0,0
148.7,[],[],[],[],,0,0,0,0,0,0
148.8,[],[],[],[],,0,0,0,0,0,0
148.9,[],[],[],[],,0,0,0,0,0,0
149.0,[],[],[],[],,0,0,0,0,0,0
149.1,[],[],[],[],,0,0,0,0,0,0
149.2,[],[],[],[],,0,0,0,0,0,0
149.3,[],[],[],[],,0,0,0,0,0,0
149.4,[],[],[],[],,0,0,0,0,0,0
149.5,[],[],[],[],,0,0,0,0,0,0
149.6,[],[],[],[],,0,0,0,0,0,0
149.7,[],[],[],[],,0,0,0,0,0,0
149.8,[],[],[],[],,0,0,0,0,0,0
149.9,[],[],[],[],,0,0,0,0,0,0
150.0,[],[],[],[],,0,0,0,0,0,0
150.1,[],[],[],[],,0,0,0,0,0,0
150.2,[],[],[],[],,0,0,0,0,0,0
150.3,[],[],[],[],,0,0,0,0,0,0
150.4,[],[],[],[],,0,0,0,0,0,0
150.5,[],[],[],[],,0,0,0,0,0,0
150.6,[],[],[],[],,0,0,0,0,0,0
150.7,[],[],[],[],,0,0,0,0,0,0
150.8,[],[],[],[],,0,0,0,0,0,0
150.9,[],[],[],[],,0,0,0,0,0,0
151.0,[],[],[],[],,0,0,0,0,0,0
151.1,[],[],[],[],,0,0,0,0,0,0
151.2,[],[],[],[],,0,0,0,0,0,0
151.3,[],[],[],[],,0,0,0,0,0,0
151.4,[],[],[],[],,0,0,0,0,0,0
151.5,['note_on'],[0],[64],[58],p,0,1,0,0,0,0
151.6,[],[],[],[],,0,0,0,0,0,0
151.7,[],[],[],[],,0,0,0,0,0,0
151.8,[],[],[],[],,0,0,0,0,0,0
151.9,[],[],[],[],,0,0,0,0,0,0
152.0,[],[],[],[],,0,0,0,0,0,0
152.1,[],[],[],[],,0,0,0,0,0,0
152.2,[],[],[],[],,0,0,0,0,0,0
152.3,[],[],[],[],,0,0,0,0,0,0
152.4,[],[],[],[],,0,0,0,0,0,0
152.5,[],[],[],[],,0,0,0,0,0,0
152.6,[],[],[],[],,0,0,0,0,0,0
152.7,[],[],[],[],,0,0,0,0,0,0
152.8,[],[],[],[],,0,0,0,0,0,0
152.9,[],[],[],[],,0,0,0,0,0,0
153.0,[],[],[],[],,0,0,0,0,0,0
153.1,[],[],[],[],,0,0,0,0,0,0
153.2,[],[],[],[],,0,0,0,0,0,0
153.3,[],[],[],[],,0,0,0,0,0,0
153.4,[],[],[],[],,0,0,0,0,0,0
153.5,[],[],[],[],,0,0,0,0,0,0
153.6,[],[],[],[],,0,0,0,0,0,0
153.7,[],[],[],[],,0,0,0,0,0,0
153.8,[],[],[],[],,0,0,0,0,0,0
153.9,[],[],[],[],,0,0,0,0,0,0
154.0,[],[],[],[],,0,0,0,0,0,0
154.1,[],[],[],[],,0,0,0,0,0,0
154.2,[],[],[],[],,0,0,0,0,0,0
154.3,[],[],[],[],,0,0,0,0,0,0
154.4,[],[],[],[],,0,0,0,0,0,0
154.5,[],[],[],[],,0,0,0,0,0,0
154.6,[],[],[],[],,0,0,0,0,0,0
154.7,[],[],[],[],,0,0,0,0,0,0
154.8,[],[],[],[],,0,0,0,0,0,0
154.9,[],[],[],[],,0,0,0,0,0,0
155.0,[],[],[],[],,0,0,0,0,0,0
155.1,[],[],[],[],,0,0,0,0,0,0
155.2,[],[],[],[],,0,0,0,0,0,0
155.3,[],[],[],[],,0,0,0,0,0,0
155.4,[],[],[],[],,0,0,0,0,0,0
155.5,[],[],[],[],,0,0,0,0,0,0
155.6,[],[],[],[],,0,0,0,0,0,0
155.7,[],[],[],[],,0,0,0,0,0,0
155.8,[],[],[],[],,0,0,0,0,0,0
155.9,[],[],[],[],,0,0,0,0,0,0
156.0,[],[],[],[],,0,0,0,0,0,0
156.1,[],[],[],[],,0,0,0,0,0,0
156.2,[],[],[],[],,0,0,0,0,0,0
156.3,[],[],[],[],,0,0,0,0,0,0
156.4,[],[],[],[],,0,0,0,0,0,0
156.5,[],[],[],[],,0,0,0,0,0,0
156.6,[],[],[],[],,0,0,0,0,0,0
156.7,[],[],[],[],,0,0,0,0,0,0
156.8,[],[],[],[],,0,0,0,0,0,0
156.9,[],[],[],[],,0,0,0,0,0,0
157.0,[],[],[],[],,0,0,0,0,0,0
157.1,[],[],[],[],,0,0,0,0,0,0
157.2,[],[],[],[],,0,0,0,0,0,0
157.3,[],[],[],[],,0,0,0,0,0,0
157.4,[],[],[],[],,0,0,0,0,0,0
157.5,[],[],[],[],,0,0,0,0,0,0
157.6,[],[],[],[],,0,0,0,0,0,0
157.7,[],[],[],[],,0,0,0,0,0,0
157.8,[],[],[],[],,0,0,0,0,0,0
157.9,[],[],[],[],,0,0,0,0,0,0
158.0,[],[],[],[],,0,0,0,0,0,0
158.1,[],[],[],[],,0,0,0,0,0,0
158.2,[],[],[],[],,0,0,0,0,0,0
158.3,[],[],[],[],,0,0,0,0,0,0
158.4,[],[],[],[],,0,0,0,0,0,0
158.5,[],[],[],[],,0,0,0,0,0,0
158.6,[],[],[],[],,0,0,0,0,0,0
158.7,[],[],[],[],,0,0,0,0,0,0
158.8,[],[],[],[],,0,0,0,0,0,0
158.9,[],[],[],[],,0,0,0,0,0,0
159.0,[],[],[],[],,0,0,0,0,0,0
159.1,[],[],[],[],,0,0,0,0,0,0
159.2,[],[],[],[],,0,0,0,0,0,0
159.3,[],[],[],[],,0,0,0,0,0,0
159.4,[],[],[],[],,0,0,0,0,0,0
159.5,[],[],[],[],,0,0,0,0,0,0
159.6,[],[],[],[],,0,0,0,0,0,0
159.7,[],[],[],[],,0,0,0,0,0,0
159.8,[],[],[],[],,0,0,0,0,0,0
159.9,[],[],[],[],,0,0,0,0,0,0
160.0,[],[],[],[],,0,0,0,0,0,0
160.1,[],[],[],[],,0,0,0,0,0,0
160.2,[],[],[],[],,0,0,0,0,0,0
160.3,[],[],[],[],,0,0,0,0,0,0
160.4,[],[],[],[],,0,0,0,0,0,0
160.5,[],[],[],[],,0,0,0,0,0,0
160.6,[],[],[],[],,0,0,0,0,0,0
160.7,[],[],[],[],,0,0,0,0,0,0
160.8,[],[],[],[],,0,0,0,0,0,0
160.9,[],[],[],[],,0,0,0,0,0,0
161.0,[],[],[],[],,0,0,0,0,0,0
161.1,[],[],[],[],,0,0,0,0,0,0
161.2,[],[],[],[],,0,0,0,0,0,0
161.3,[],[],[],[],,0,0,0,0,0,0
161.4,[],[],[],[],,0,0,0,0,0,0
161.5,[],[],[],[],,0,0,0,0,0,0
161.6,[],[],[],[],,0,0,0,0,0,0
161.7,[],[],[],[],,0,0,0,0,0,0
161.8,[],[],[],[],,0,0,0,0,0,0
161.9,[],[],[],[],,0,0,0,0,0,0
162.0,[],[],[],[],,0,0,0,0,0,0
162.1,[],[],[],[],,0,0,0,0,0,0
162.2,[],[],[],[],,0,0,0,0,0,0
162.3,[],[],[],[],,0,0,0,0,0,0
162.4,[],[],[],[],,0,0,0,0,0,0
162.5,[],[],[],[],,0,0,0,0,0,0
162.6,[],[],[],[],,0,0,0,0,0,0
162.7,[],[],[],[],,0,0,0,0,0,0
162.8,[],[],[],[],,0,0,0,0,0,0
162.9,[],[],[],[],,0,0,0,0,0,0
163.0,[],[],[],[],,0,0,0,0,0,0
163.1,[],[],[],[],,0,0,0,0,0,0
163.2,[],[],[],[],,0,0,0,0,0,0
163.3,[],[],[],[],,0,0,0,0,0,0
163.4,[],[],[],[],,0,0,0,0,0,0
163.5,[],[],[],[],,0,0,0,0,0,0
163.6,[],[],[],[],,0,0,0,0,0,0
163.7,[],[],[],[],,0,0,0,0,0,0
163.8,[],[],[],[],,0,0,0,0,0,0
163.9,[],[],[],[],,0,0,0,0,0,0
164.0,[],[],[],[],,0,0,0,0,0,0
164.1,[],[],[],[],,0,0,0,0,0,0
164.2,[],[],[],[],,0,0,0,0,0,0
164.3,[],[],[],[],,0,0,0,0,0,0
164.4,[],[],[],[],,0,0,0,0,0,0
164.5,[],[],[],[],,0,0,0,0,0,0
164.6,[],[],[],[],,0,0,0,0,0,0
164.7,[],[],[],[],,0,0,0,0,0,0
164.8,[],[],[],[],,0,0,0,0,0,0
164.9,[],[],[],[],,0,0,0,0,0,0
165.0,[],[],[],[],,0,0,0,0,0,0
165.1,[],[],[],[],,0,0,0,0,0,0
165.2,[],[],[],[],,0,0,0,0,0,0
165.3,[],[],[],[],,0,0,0,0,0,0
165.4,[],[],[],[],,0,0,0,0,0,0
165.5,[],[],[],[],,0,0,0,0,0,0
165.6,[],[],[],[],,0,0,0,0,0,0
165.7,[],[],[],[],,0,0,0,0,0,0
165.8,[],[],[],[],,0,0,0,0,0,0
165.9,[],[],[],[],,0,0,0,0,0,0
166.0,[],[],[],[],,0,0,0,0,0,0
166.1,[],[],[],[],,0,0,0,0,0,0
166.2,[],[],[],[],,0,0,0,0,0,0
166.3,[],[],[],[],,0,0,0,0,0,0
166.4,[],[],[],[],,0,0,0,0,0,0
166.5,[],[],[],[],,0,0,0,0,0,0
166.6,[],[],[],[],,0,0,0,0,0,0
166.7,[],[],[],[],,0,0,0,0,0,0
166.8,[],[],[],[],,0,0,0,0,0,0
166.9,[],[],[],[],,0,0,0,0,0,0
167.0,[],[],[],[],,0,0,0,0,0,0
167.1,[],[],[],[],,0,0,0,0,0,0
167.2,[],[],[],[],,0,0,0,0,0,0
167.3,[],[],[],[],,0,0,0,0,0,0
167.4,['note_on'],[0],[62],[63],mp,0,1,0,0,0,0
167.5,[],[],[],[],,0,0,0,0,0,0
167.6,[],[],[],[],,0,0,0,0,0,0
167.7,[],[],[],[],,0,0,0,0,0,0
167.8,[],[],[],[],,0,0,0,0,0,0
167.9,[],[],[],[],,0,0,0,0,0,0
168.0,[],[],[],[],,0,0,0,0,0,0
168.1,[],[],[],[],,0,0,0,0,0,0
168.2,[],[],[],[],,0,0,0,0,0,0
168.3,[],[],[],[],,0,0,0,0,0,0
168.4,[],[],[],[],,0,0,0,0,0,0
168.5,[],[],[],[],,0,0,0,0,0,0
168.6,[],[],[],[],,0,0,0,0,0,0
168.7,[],[],[],[],,0,0,0,0,0,0
168.8,[],[],[],[],,0,0,0,0,0,0
168.9,[],[],[],[],,0,0,0,0,0,0
169.0,[],[],[],[],,0,0,0,0,0,0
169.1,[],[],[],[],,0,0,0,0,0,0
169.2,[],[],[],[],,0,0,0,0,0,0
169.3,[],[],[],[],,0,0,0,0,0,0
169.4,[],[],[],[],,0,0,0,0,0,0
169.5,[],[],[],[],,0,0,0,0,0,0
169.6,[],[],[],[],,0,0,0,0,0,0
169.7,[],[],[],[],,0,0,0,0,0,0
169.8,[],[],[],[],,0,0,0,0,0,0
169.9,[],[],[],[],,0,0,0,0,0,0
170.0,[],[],[],[],,0,0,0,0,0,0
170.1,[],[],[],[],,0,0,0,0,0,0
170.2,[],[],[],[],,0,0,0,0,0,0
170.3,[],[],[],[],,0,0,0,0,0,0
170.4,[],[],[],[],,0,0,0,0,0,0
170.5,[],[],[],[],,0,0,0,0,0,0
170.6,[],[],[],[],,0,0,0,0,0,0
170.7,[],[],[],[],,0,0,0,0,0,0
170.8,[],[],[],[],,0,0,0,0,0,0
170.9,[],[],[],[],,0,0,0,0,0,0
171.0,[],[],[],[],,0,0,0,0,0,0
171.1,[],[],[],[],,0,0,0,0,0,0
171.2,[],[],[],[],,0,0,0,0,0,0
171.3,[],[],[],[],,0,0,0,0,0,0
171.4,[],[],[],[],,0,0,0,0,0,0
171.5,[],[],[],[],,0,0,0,0,0,0
171.6,[],[],[],[],,0,0,0,0,0,0
171.7,[],[],[],[],,0,0,0,0,0,0
171.8,[],[],[],[],,0,0,0,0,0,0
171.9,[],[],[],[],,0,0,0,0,0,0
172.0,[],[],[],[],,0,0,0,0,0,0
172.1,[],[],[],[],,0,0,0,0,0,0
172.2,[],[],[],[],,0,0,0,0,0,0
172.3,[],[],[],[],,0,0,0,0,0,0
172.4,[],[],[],[],,0,0,0,0,0,0
172.5,[],[],[],[],,0,0,0,0,0,0
172.6,[],[],[],[],,0,0,0,0,0,0
172.7,[],[],[],[],,0,0,0,0,0,0
172.8,[],[],[],[],,0,0,0,0,0,0
172.9,[],[],[],[],,0,0,0,0,0,0
173.0,[],[],[],[],,0,0,0,0,0,0
173.1,[],[],[],[],,0,0,0,0,0,0
173.2,[],[],[],[],,0,0,0,0,0,0
173.3,[],[],[],[],,0,0,0,0,0,0
173.4,[],[],[],[],,0,0,0,0,0,0
173.5,[],[],[],[],,0,0,0,0,0,0
173.6,[],[],[],[],,0,0,0,0,0,0
173.7,[],[],[],[],,0,0,0,0,0,0
173.8,[],[],[],[],,0,0,0,0,0,0
173.9,[],[],[],[],,0,0,0,0,0,0
174.0,[],[],[],[],,0,0,0,0,0,0
174.1,[],[],[],[],,0,0,0,0,0,0
174.2,[],[],[],[],,0,0,0,0,0,0
174.3,[],[],[],[],,0,0,0,0,0,0
174.4,[],[],[],[],,0,0,0,0,0,0
174.5,[],[],[],[],,0,0,0,0,0,0
174.6,[],[],[],[],,0,0,0,0,0,0
174.7,[],[],[],[],,0,0,0,0,0,0
174.8,[],[],[],[],,0,0,0,0,0,0
174.9,[],[],[],[],,0,0,0,0,0,0
175.0,[],[],[],[],,0,0,0,0,0,0
175.1,[],[],[],[],,0,0,0,0,0,0
175.2,[],[],[],[],,0,0,0,0,0,0
175.3,[],[],[],[],,0,0,0,0,0,0
175.4,[],[],[],[],,0,0,0,0,0,0
175.5,[],[],[],[],,0,0,0,0,0,0
175.6,[],[],[],[],,0,0,0,0,0,0
175.7,[],[],[],[],,0,0,0,0,0,0
175.8,[],[],[],[],,0,0,0,0,0,0
175.9,[],[],[],[],,0,0,0,0,0,0
176.0,[],[],[],[],,0,0,0,0,0,0
176.1,[],[],[],[],,0,0,0,0,0,0
176.2,[],[],[],[],,0,0,0,0,0,0
176.3,[],[],[],[],,0,0,0,0,0,0
176.4,[],[],[],[],,0,0,0,0,0,0
176.5,[],[],[],[],,0,0,0,0,0,0
176.6,[],[],[],[],,0,0,0,0,0,0
176.7,[],[],[],[],,0,0,0,0,0,0
176.8,[],[],[],[],,0,0,0,0,0,0
176.9,[],[],[],[],,0,0,0,0,0,0
177.0,[],[],[],[],,0,0,0,0,0,0
177.1,[],[],[],[],,0,0,0,0,0,0
177.2,[],[],[],[],,0,0,0,0,0,0
177.3,[],[],[],[],,0,0,0,0,0,0
177.4,[],[],[],[],,0,0,0,0,0,0
177.5,[],[],[],[],,0,0,0,0,0,0
177.6,[],[],[],[],,0,0,0,0,0,0
177.7,[],[],[],[],,0,0,0,0,0,0
177.8,[],[],[],[],,0,0,0,0,0,0
177.9,[],[],[],[],,0,0,0,0,0,0
178.0,[],[],[],[],,0,0,0,0,0,0
178.1,[],[],[],[],,0,0,0,0,0,0
178.2,[],[],[],[],,0,0,0,0,0,0
178.3,[],[],[],[],,0,0,0,0,0,0
178.4,[],[],[],[],,0,0,0,0,0,0
178.5,[],[],[],[],,0,0,0,0,0,0
178.6,[],[],[],[],,0,0,0,0,0,0
178.7,[],[],[],[],,0,0,0,0,0,0
178.8,[],[],[],[],,0,0,0,0,0,0
178.9,[],[],[],[],,0,0,0,0,0,0
179.0,[],[],[],[],,0,0,0,0,0,0
179.1,[],[],[],[],,0,0,0,0,0,0
179.2,[],[],[],[],,0,0,0,0,0,0
179.3,[],[],[],[],,0,0,0,0,0,0
179.4,[],[],[],[],,0,0,0,0,0,0
179.5,[],[],[],[],,0,0,0,0,0,0
179.6,[],[],[],[],,0,0,0,0,0,0
179.7,[],[],[],[],,0,0,0,0,0,0
179.8,[],[],[],[],,0,0,0,0,0,0
179.9,[],[],[],[],,0,0,0,0,0,0
180.0,[],[],[],[],,0,0,0,0,0,0
180.1,[],[],[],[],,0,0,0,0,0,0
180.2,[],[],[],[],,0,0,0,0,0,0
180.3,[],[],[],[],,0,0,0,0,0,0
180.4,[],[],[],[],,0,0,0,0,0,0
180.5,[],[],[],[],,0,0,0,0,0,0
180.6,[],[],[],[],,0,0,0,0,0,0
180.7,[],[],[],[],,0,0,0,0,0,0
180.8,[],[],[],[],,0,0,0,0,0,0
180.9,[],[],[],[],,0,0,0,0,0,0
181.0,[],[],[],[],,0,0,0,0,0,0
181.1,[],[],[],[],,0,0,0,0,0,0
181.2,[],[],[],[],,0,0,0,0,0,0
181.3,[],[],[],[],,0,0,0,0,0,0
181.4,[],[],[],[],,0,0,0,0,0,0
181.5,[],[],[],[],,0,0,0,0,0,0
181.6,[],[],[],[],,0,0,0,0,0,0
181.7,[],[],[],[],,0,0,0,0,0,0
181.8,[],[],[],[],,0,0,0,0,0,0
181.9,[],[],[],[],,0,0,0,0,0,0
182.0,[],[],[],[],,0,0,0,0,0,0
182.1,[],[],[],[],,0,0,0,0,0,0
182.2,[],[],[],[],,0,0,0,0,0,0
182.3,[],[],[],[],,0,0,0,0,0,0
182.4,[],[],[],[],,0,0,0,0,0,0
182.5,[],[],[],[],,0,0,0,0,0,0
182.6,[],[],[],[],,0,0,0,0,0,0
182.7,[],[],[],[],,0,0,0,0,0,0
182.8,[],[],[],[],,0,0,0,0,0,0
182.9,[],[],[],[],,0,0,0,0,0,0
183.0,[],[],[],[],,0,0,0,0,0,0
183.1,[],[],[],[],,0,0,0,0,0,0
183.2,[],[],[],[],,0,0,0,0,0,0
183.3,[],[],[],[],,0,0,0,0,0,0
183.4,[],[],[],[],,0,0,0,0,0,0
183.5,[],[],[],[],,0,0,0,0,0,0
183.6,[],[],[],[],,0,0,0,0,0,0
183.7,[],[],[],[],,0,0,0,0,0,0
183.8,[],[],[],[],,0,0,0,0,0,0
183.9,[],[],[],[],,0,0,0,0,0,0
184.0,[],[],[],[],,0,0,0,0,0,0
184.1,[],[],[],[],,0,0,0,0,0,0
184.2,[],[],[],[],,0,0,0,0,0,0
184.3,[],[],[],[],,0,0,0,0,0,0
184.4,[],[],[],[],,0,0,0,0,0,0
184.5,[],[],[],[],,0,0,0,0,0,0
184.6,[],[],[],[],,0,0,0,0,0,0
184.7,[],[],[],[],,0,0,0,0,0,0
184.8,[],[],[],[],,0,0,0,0,0,0
184.9,[],[],[],[],,0,0,0,0,0,0
185.0,[],[],[],[],,0,0,0,0,0,0
185.1,[],[],[],[],,0,0,0,0,0,0
185.2,[],[],[],[],,0,0,0,0,0,0
185.3,[],[],[],[],,0,0,0,0,0,0
185.4,[],[],[],[],,0,0,0,0,0,0
185.5,[],[],[],[],,0,0,0,0,0,0
185.6,[],[],[],[],,0,0,0,0,0,0
185.7,[],[],[],[],,0,0,0,0,0,0
185.8,[],[],[],[],,0,0,0,0,0,0
185.9,[],[],[],[],,0,0,0,0,0,0
186.0,[],[],[],[],,0,0,0,0,0,0
186.1,[],[],[],[],,0,0,0,0,0,0
186.2,[],[],[],[],,0,0,0,0,0,0
186.3,[],[],[],[],,0,0,0,0,0,0
186.4,[],[],[],[],,0,0,0,0,0,0
186.5,[],[],[],[],,0,0,0,0,0,0
186.6,[],[],[],[],,0,0,0,0,0,0
186.7,[],[],[],[],,0,0,0,0,0,0
186.8,[],[],[],[],,0,0,0,0,0,0
186.9,[],[],[],[],,0,0,0,0,0,0
187.0,[],[],[],[],,0,0,0,0,0,0
187.1,[],[],[],[],,0,0,0,0,0,0
187.2,[],[],[],[],,0,0,0,0,0,0
187.3,[],[],[],[],,0,0,0,0,0,0
187.4,[],[],[],[],,0,0,0,0,0,0
187.5,[],[],[],[],,0,0,0,0,0,0
187.6,[],[],[],[],,0,0,0,0,0,0
187.7,[],[],[],[],,0,0,0,0,0,0
187.8,[],[],[],[],,0,0,0,0,0,0
187.9,[],[],[],[],,0,0,0,0,0,0
188.0,[],[],[],[],,0,0,0,0,0,0
188.1,[],[],[],[],,0,0,0,0,0,0
188.2,[],[],[],[],,0,0,0,0,0,0
188.3,[],[],[],[],,0,0,0,0,0,0
188.4,[],[],[],[],,0,0,0,0,0,0
188.5,[],[],[],[],,0,0,0,0,0,0
188.6,[],[],[],[],,0,0,0,0,0,0
188.7,[],[],[],[],,0,0,0,0,0,0
188.8,[],[],[],[],,0,0,0,0,0,0
188.9,[],[],[],[],,0,0,0,0,0,0
189.0,[],[],[],[],,0,0,0,0,0,0
189.1,[],[],[],[],,0,0,0,0,0,0
189.2,[],[],[],[],,0,0,0,0,0,0
189.3,[],[],[],[],,0,0,0,0,0,0
189.4,[],[],[],[],,0,0,0,0,0,0
189.5,[],[],[],[],,0,0,0,0,0,0
189.6,[],[],[],[],,0,0,0,0,0,0
189.7,[],[],[],[],,0,0,0,0,0,0
189.8,[],[],[],[],,0,0,0,0,0,0
189.9,[],[],[],[],,0,0,0,0,0,0
190.0,[],[],[],[],,0,0,0,0,0,0
190.1,[],[],[],[],,0,0,0,0,0,0
190.2,[],[],[],[],,0,0,0,0,0,0
190.3,[],[],[],[],,0,0,0,0,0,0
190.4,[],[],[],[],,0,0,0,0,0,0
190.5,[],[],[],[],,0,0,0,0,0,0
190.6,[],[],[],[],,0,0,0,0,0,0
190.7,[],[],[],[],,0,0,0,0,0,0
190.8,[],[],[],[],,0,0,0,0,0,0
190.9,[],[],[],[],,0,0,0,0,0,0
191.0,[],[],[],[],,0,0,0,0,0,0
191.1,[],[],[],[],,0,0,0,0,0,0
191.2,[],[],[],[],,0,0,0,0,0,0
191.3,[],[],[],[],,0,0,0,0,0,0
191.4,[],[],[],[],,0,0,0,0,0,0
191.5,[],[],[],[],,0,0,0,0,0,0
191.6,[],[],[],[],,0,0,0,0,0,0
191.7,[],[],[],[],,0,0,0,0,0,0
191.8,[],[],[],[],,0,0,0,0,0,0
191.9,[],[],[],[],,0,0,0,0,0,0
192.0,[],[],[],[],,0,0,0,0,0,0
192.1,[],[],[],[],,0,0,0,0,0,0
192.2,[],[],[],[],,0,0,0,0,0,0
192.3,[],[],[],[],,0,0,0,0,0,0
192.4,[],[],[],[],,0,0,0,0,0,0
192.5,[],[],[],[],,0,0,0,0,0,0
192.6,[],[],[],[],,0,0,0,0,0,0
192.7,[],[],[],[],,0,0,0,0,0,0
192.8,[],[],[],[],,0,0,0,0,0,0
192.9,[],[],[],[],,0,0,0,0,0,0
193.0,[],[],[],[],,0,0,0,0,0,0
193.1,[],[],[],[],,0,0,0,0,0,0
193.2,[],[],[],[],,0,0,0,0,0,0
193.3,[],[],[],[],,0,0,0,0,0,0
193.4,[],[],[],[],,0,0,0,0,0,0
193.5,[],[],[],[],,0,0,0,0,0,0
193.6,[],[],[],[],,0,0,0,0,0,0
193.7,[],[],[],[],,0,0,0,0,0,0
193.8,[],[],[],[],,0,0,0,0,0,0
193.9,[],[],[],[],,0,0,0,0,0,0
194.0,[],[],[],[],,0,0,0,0,0,0
194.1,[],[],[],[],,0,0,0,0,0,0
194.2,[],[],[],[],,0,0,0,0,0,0
194.3,[],[],[],[],,0,0,0,0,0,0
194.4,[],[],[],[],,0,0,0,0,0,0
194.5,[],[],[],[],,0,0,0,0,0,0
194.6,[],[],[],[],,0,0,0,0,0,0
194.7,[],[],[],[],,0,0,0,0,0,0
194.8,[],[],[],[],,0,0,0,0,0,0
194.9,[],[],[],[],,0,0,0,0,0,0
195.0,[],[],[],[],,0,0,0,0,0,0
195.1,[],[],[],[],,0,0,0,0,0,0
195.2,[],[],[],[],,0,0,0,0,0,0
195.3,[],[],[],[],,0,0,0,0,0,0
195.4,[],[],[],[],,0,0,0,0,0,0
195.5,[],[],[],[],,0,0,0,0,0,0
195.6,[],[],[],[],,0,0,0,0,0,0
195.7,[],[],[],[],,0,0,0,0,0,0
195.8,[],[],[],[],,0,0,0,0,0,0
195.9,[],[],[],[],,0,0,0,0,0,0
196.0,[],[],[],[],,0,0,0,0,0,0
196.1,[],[],[],[],,0,0,0,0,0,0
196.2,[],[],[],[],,0,0,0,0,0,0
196.3,[],[],[],[],,0,0,0,0,0,0
196.4,[],[],[],[],,0,0,0,0,0,0
196.5,[],[],[],[],,0,0,0,0,0,0
196.6,[],[],[],[],,0,0,0,0,0,0
196.7,[],[],[],[],,0,0,0,0,0,0
196.8,[],[],[],[],,0,0,0,0,0,0
196.9,[],[],[],[],,0,0,0,0,0,0
197.0,[],[],[],[],,0,0,0,0,0,0
197.1,[],[],[],[],,0,0,0,0,0,0
197.2,[],[],[],[],,0,0,0,0,0,0
197.3,[],[],[],[],,0,0,0,0,0,0
197.4,[],[],[],[],,0,0,0,0,0,0
197.5,[],[],[],[],,0,0,0,0,0,0
197.6,[],[],[],[],,0,0,0,0,0,0
197.7,[],[],[],[],,0,0,0,0,0,0
197.8,[],[],[],[],,0,0,0,0,0,0
197.9,[],[],[],[],,0,0,0,0,0,0
198.0,[],[],[],[],,0,0,0,0,0,0
198.1,[],[],[],[],,0,0,0,0,0,0
198.2,[],[],[],[],,0,0,0,0,0,0
198.3,[],[],[],[],,0,0,0,0,0,0
198.4,[],[],[],[],,0,0,0,0,0,0
198.5,[],[],[],[],,0,0,0,0,0,0
198.6,[],[],[],[],,0,0,0,0,0,0
198.7,[],[],[],[],,0,0,0,0,0,0
198.8,[],[],[],[],,0,0,0,0,0,0
198.9,[],[],[],[],,0,0,0,0,0,0
199.0,[],[],[],[],,0,0,0,0,0,0
199.1,[],[],[],[],,0,0,0,0,0,0
199.2,[],[],[],[],,0,0,0,0,0,0
199.3,[],[],[],[],,0,0,0,0,0,0
199.4,[],[],[],[],,0,0,0,0,0,0
199.5,[],[],[],[],,0,0,0,0,0,0
199.6,[],[],[],[],,0,0,0,0,0,0
199.7,[],[],[],[],,0,0,0,0,0,0
199.8,[],[],[],[],,0,0,0,0,0,0
199.9,[],[],[],[],,0,0,0,0,0,0
200.0,[],[],[],[],,0,0,0,0,0,0
200.1,[],[],[],[],,0,0,0,0,0,0
200.2,[],[],[],[],,0,0,0,0,0,0
200.3,[],[],[],[],,0,0,0,0,0,0
200.4,[],[],[],[],,0,0,0,0,0,0
200.5,[],[],[],[],,0,0,0,0,0,0
200.6,[],[],[],[],,0,0,0,0,0,0
200.7,[],[],[],[],,0,0,0,0,0,0
200.8,[],[],[],[],,0,0,0,0,0,0
200.9,[],[],[],[],,0,0,0,0,0,0
201.0,[],[],[],[],,0,0,0,0,0,0
201.1,[],[],[],[],,0,0,0,0,0,0
201.2,[],[],[],[],,0,0,0,0,0,0
201.3,[],[],[],[],,0,0,0,0,0,0
201.4,[],[],[],[],,0,0,0,0,0,0
201.5,[],[],[],[],,0,0,0,0,0,0
201.6,[],[],[],[],,0,0,0,0,0,0
201.7,[],[],[],[],,0,0,0,0,0,0
201.8,[],[],[],[],,0,0,0,0,0,0
201.9,[],[],[],[],,0,0,0,0,0,0
202.0,[],[],[],[],,0,0,0,0,0,0
202.1,[],[],[],[],,0,0,0,0,0,0
202.2,[],[],[],[],,0,0,0,0,0,0
202.3,[],[],[],[],,0,0,0,0,0,0
202.4,[],[],[],[],,0,0,0,0,0,0
202.5,[],[],[],[],,0,0,0,0,0,0
202.6,[],[],[],[],,0,0,0,0,0,0
202.7,[],[],[],[],,0,0,0,0,0,0
202.8,[],[],[],[],,0,0,0,0,0,0
202.9,[],[],[],[],,0,0,0,0,0,0
203.0,[],[],[],[],,0,0,0,0,0,0
203.1,[],[],[],[],,0,0,0,0,0,0
203.2,[],[],[],[],,0,0,0,0,0,0
203.3,[],[],[],[],,0,0,0,0,0,0
203.4,[],[],[],[],,0,0,0,0,0,0
203.5,[],[],[],[],,0,0,0,0,0,0
203.6,[],[],[],[],,0,0,0,0,0,0
203.7,[],[],[],[],,0,0,0,0,0,0
203.8,[],[],[],[],,0,0,0,0,0,0
203.9,[],[],[],[],,0,0,0,0,0,0
204.0,[],[],[],[],,0,0,0,0,0,0
204.1,[],[],[],[],,0,0,0,0,0,0
204.2,[],[],[],[],,0,0,0,0,0,0
204.3,[],[],[],[],,0,0,0,0,0,0
204.4,[],[],[],[],,0,0,0,0,0,0
204.5,[],[],[],[],,0,0,0,0,0,0
204.6,[],[],[],[],,0,0,0,0,0,0
204.7,[],[],[],[],,0,0,0,0,0,0
204.8,[],[],[],[],,0,0,0,0,0,0
204.9,[],[],[],[],,0,0,0,0,0,0
205.0,[],[],[],[],,0,0,0,0,0,0
205.1,[],[],[],[],,0,0,0,0,0,0
205.2,[],[],[],[],,0,0,0,0,0,0
205.3,[],[],[],[],,0,0,0,0,0,0
205.4,[],[],[],[],,0,0,0,0,0,0
205.5,[],[],[],[],,0,0,0,0,0,0
205.6,[],[],[],[],,0,0,0,0,0,0
205.7,[],[],[],[],,0,0,0,0,0,0
205.8,[],[],[],[],,0,0,0,0,0,0
205.9,[],[],[],[],,0,0,0,0,0,0
206.0,[],[],[],[],,0,0,0,0,0,0
206.1,[],[],[],[],,0,0,0,0,0,0
206.2,[],[],[],[],,0,0,0,0,0,0
206.3,[],[],[],[],,0,0,0,0,0,0
206.4,[],[],[],[],,0,0,0,0,0,0
206.5,[],[],[],[],,0,0,0,0,0,0
206.6,[],[],[],[],,0,0,0,0,0,0
206.7,[],[],[],[],,0,0,0,0,0,0
206.8,[],[],[],[],,0,0,0,0,0,0
206.9,[],[],[],[],,0,0,0,0,0,0
207.0,[],[],[],[],,0,0,0,0,0,0
207.1,[],[],[],[],,0,0,0,0,0,0
207.2,[],[],[],[],,0,0,0,0,0,0
207.3,[],[],[],[],,0,0,0,0,0,0
207.4,[],[],[],[],,0,0,0,0,0,0
207.5,[],[],[],[],,0,0,0,0,0,0
207.6,[],[],[],[],,0,0,0,0,0,0
207.7,[],[],[],[],,0,0,0,0,0,0
207.8,[],[],[],[],,0,0,0,0,0,0
207.9,[],[],[],[],,0,0,0,0,0,0
208.0,[],[],[],[],,0,0,0,0,0,0
208.1,[],[],[],[],,0,0,0,0,0,0
208.2,[],[],[],[],,0,0,0,0,0,0
208.3,[],[],[],[],,0,0,0,0,0,0
208.4,[],[],[],[],,0,0,0,0,0,0
208.5,[],[],[],[],,0,0,0,0,0,0
208.6,[],[],[],[],,0,0,0,0,0,0
208.7,[],[],[],[],,0,0,0,0,0,0
208.8,[],[],[],[],,0,0,0,0,0,0
208.9,[],[],[],[],,0,0,0,0,0,0
209.0,[],[],[],[],,0,0,0,0,0,0
209.1,[],[],[],[],,0,0,0,0,0,0
209.2,[],[],[],[],,0,0,0,0,0,0
209.3,[],[],[],[],,0,0,0,0,0,0
209.4,[],[],[],[],,0,0,0,0,0,0
209.5,[],[],[],[],,0,0,0,0,0,0
209.6,[],[],[],[],,0,0,0,0,0,0
209.7,[],[],[],[],,0,0,0,0,0,0
209.8,[],[],[],[],,0,0,0,0,0,0
209.9,[],[],[],[],,0,0,0,0,0,0
210.0,[],[],[],[],,0,0,0,0,0,0
210.1,[],[],[],[],,0,0,0,0,0,0
210.2,[],[],[],[],,0,0,0,0,0,0
210.3,[],[],[],[],,0,0,0,0,0,0
210.4,[],[],[],[],,0,0,0,0,0,0
210.5,[],[],[],[],,0,0,0,0,0,0
210.6,[],[],[],[],,0,0,0,0,0,0
210.7,[],[],[],[],,0,0,0,0,0,0
210.8,[],[],[],[],,0,0,0,0,0,0
210.9,[],[],[],[],,0,0,0,0,0,0
211.0,[],[],[],[],,0,0,0,0,0,0
211.1,[],[],[],[],,0,0,0,0,0,0
211.2,[],[],[],[],,0,0,0,0,0,0
211.3,[],[],[],[],,0,0,0,0,0,0
211.4,[],[],[],[],,0,0,0,0,0,0
211.5,[],[],[],[],,0,0,0,0,0,0
211.6,[],[],[],[],,0,0,0,0,0,0
211.7,[],[],[],[],,0,0,0,0,0,0
211.8,[],[],[],[],,0,0,0,0,0,0
211.9,[],[],[],[],,0,0,0,0,0,0
212.0,[],[],[],[],,0,0,0,0,0,0
212.1,[],[],[],[],,0,0,0,0,0,0
212.2,[],[],[],[],,0,0,0,0,0,0
212.3,[],[],[],[],,0,0,0,0,0,0
212.4,[],[],[],[],,0,0,0,0,0,0
212.5,[],[],[],[],,0,0,0,0,0,0
212.6,[],[],[],[],,0,0,0,0,0,0
212.7,[],[],[],[],,0,0,0,0,0,0
212.8,[],[],[],[],,0,0,0,0,0,0
212.9,[],[],[],[],,0,0,0,0,0,0
213.0,[],[],[],[],,0,0,0,0,0,0
213.1,[],[],[],[],,0,0,0,0,0,0
213.2,[],[],[],[],,0,0,0,0,0,0
213.3,[],[],[],[],,0,0,0,0,0,0
213.4,[],[],[],[],,0,0,0,0,0,0
213.5,[],[],[],[],,0,0,0,0,0,0
213.6,[],[],[],[],,0,0,0,0,0,0
213.7,[],[],[],[],,0,0,0,0,0,0
213.8,[],[],[],[],,0,0,0,0,0,0
213.9,[],[],[],[],,0,0,0,0,0,0
214.0,[],[],[],[],,0,0,0,0,0,0
214.1,[],[],[],[],,0,0,0,0,0,0
214.2,[],[],[],[],,0,0,0,0,0,0
214.3,[],[],[],[],,0,0,0,0,0,0
214.4,[],[],[],[],,0,0,0,0,0,0
214.5,[],[],[],[],,0,0,0,0,0,0
214.6,[],[],[],[],,0,0,0,0,0,0
214.7,[],[],[],[],,0,0,0,0,0,0
214.8,[],[],[],[],,0,0,0,0,0,0
214.9,[],[],[],[],,0,0,0,0,0,0
215.0,[],[],[],[],,0,0,0,0,0,0
215.1,[],[],[],[],,0,0,0,0,0,0
215.2,[],[],[],[],,0,0,0,0,0,0
215.3,[],[],[],[],,0,0,0,0,0,0
215.4,[],[],[],[],,0,0,0,0,0,0
215.5,[],[],[],[],,0,0,0,0,0,0
215.6,[],[],[],[],,0,0,0,0,0,0
215.7,[],[],[],[],,0,0,0,0,0,0
215.8,[],[],[],[],,0,0,0,0,0,0
215.9,[],[],[],[],,0,0,0,0,0,0
216.0,[],[],[],[],,0,0,0,0,0,0
216.1,[],[],[],[],,0,0,0,0,0,0
216.2,[],[],[],[],,0,0,0,0,0,0
216.3,[],[],[],[],,0,0,0,0,0,0
216.4,[],[],[],[],,0,0,0,0,0,0
216.5,[],[],[],[],,0,0,0,0,0,0
216.6,[],[],[],[],,0,0,0,0,0,0
216.7,[],[],[],[],,0,0,0,0,0,0
216.8,[],[],[],[],,0,0,0,0,0,0
216.9,[],[],[],[],,0,0,0,0,0,0
217.0,[],[],[],[],,0,0,0,0,0,0
217.1,[],[],[],[],,0,0,0,0,0,0
217.2,[],[],[],[],,0,0,0,0,0,0
217.3,[],[],[],[],,0,0,0,0,0,0
217.4,[],[],[],[],,0,0,0,0,0,0
217.5,[],[],[],[],,0,0,0,0,0,0
217.6,[],[],[],[],,0,0,0,0,0,0
217.7,[],[],[],[],,0,0,0,0,0,0
217.8,[],[],[],[],,0,0,0,0,0,0
217.9,[],[],[],[],,0,0,0,0,0,0
218.0,[],[],[],[],,0,0,0,0,0,0
218.1,[],[],[],[],,0,0,0,0,0,0
218.2,[],[],[],[],,0,0,0,0,0,0
218.3,[],[],[],[],,0,0,0,0,0,0
218.4,[],[],[],[],,0,0,0,0,0,0
218.5,[],[],[],[],,0,0,0,0,0,0
218.6,[],[],[],[],,0,0,0,0,0,0
218.7,[],[],[],[],,0,0,0,0,0,0
218.8,[],[],[],[],,0,0,0,0,0,0
218.9,[],[],[],[],,0,0,0,0,0,0
219.0,[],[],[],[],,0,0,0,0,0,0
219.1,[],[],[],[],,0,0,0,0,0,0
219.2,[],[],[],[],,0,0,0,0,0,0
219.3,[],[],[],[],,0,0,0,0,0,0
219.4,[],[],[],[],,0,0,0,0,0,0
219.5,[],[],[],[],,0,0,0,0,0,0
219.6,[],[],[],[],,0,0,0,0,0,0
219.7,[],[],[],[],,0,0,0,0,0,0
219.8,[],[],[],[],,0,0,0,0,0,0
219.9,[],[],[],[],,0,0,0,0,0,0
220.0,[],[],[],[],,0,0,0,0,0,0
220.1,[],[],[],[],,0,0,0,0,0,0
220.2,[],[],[],[],,0,0,0,0,0,0
220.3,[],[],[],[],,0,0,0,0,0,0
220.4,[],[],[],[],,0,0,0,0,0,0
220.5,[],[],[],[],,0,0,0,0,0,0
220.6,[],[],[],[],,0,0,0,0,0,0
220.7,[],[],[],[],,0,0,0,0,0,0
220.8,[],[],[],[],,0,0,0,0,0,0
220.9,[],[],[],[],,0,0,0,0,0,0
221.0,[],[],[],[],,0,0,0,0,0,0
221.1,[],[],[],[],,0,0,0,0,0,0
221.2,[],[],[],[],,0,0,0,0,0,0
221.3,[],[],[],[],,0,0,0,0,0,0
221.4,[],[],[],[],,0,0,0,0,0,0
221.5,[],[],[],[],,0,0,0,0,0,0
221.6,[],[],[],[],,0,0,0,0,0,0
221.7,[],[],[],[],,0,0,0,0,0,0
221.8,[],[],[],[],,0,0,0,0,0,0
221.9,[],[],[],[],,0,0,0,0,0,0
222.0,[],[],[],[],,0,0,0,0,0,0
222.1,[],[],[],[],,0,0,0,0,0,0
222.2,[],[],[],[],,0,0,0,0,0,0
222.3,[],[],[],[],,0,0,0,0,0,0
222.4,[],[],[],[],,0,0,0,0,0,0
222.5,[],[],[],[],,0,0,0,0,0,0
222.6,[],[],[],[],,0,0,0,0,0,0
222.7,[],[],[],[],,0,0,0,0,0,0
222.8,[],[],[],[],,0,0,0,0,0,0
222.9,[],[],[],[],,0,0,0,0,0,0
223.0,[],[],[],[],,0,0,0,0,0,0
223.1,[],[],[],[],,0,0,0,0,0,0
223.2,[],[],[],[],,0,0,0,0,0,0
223.3,[],[],[],[],,0,0,0,0,0,0
223.4,[],[],[],[],,0,0,0,0,0,0
223.5,[],[],[],[],,0,0,0,0,0,0
223.6,[],[],[],[],,0,0,0,0,0,0
223.7,[],[],[],[],,0,0,0,0,0,0
223.8,[],[],[],[],,0,0,0,0,0,0
223.9,[],[],[],[],,0,0,0,0,0,0
224.0,[],[],[],[],,0,0,0,0,0,0
224.1,[],[],[],[],,0,0,0,0,0,0
224.2,[],[],[],[],,0,0,0,0,0,0
224.3,[],[],[],[],,0,0,0,0,0,0
224.4,[],[],[],[],,0,0,0,0,0,0
224.5,[],[],[],[],,0,0,0,0,0,0
224.6,[],[],[],[],,0,0,0,0,0,0
224.7,[],[],[],[],,0,0,0,0,0,0
224.8,[],[],[],[],,0,0,0,0,0,0
224.9,[],[],[],[],,0,0,0,0,0,0
225.0,[],[],[],[],,0,0,0,0,0,0
225.1,[],[],[],[],,0,0,0,0,0,0
225.2,[],[],[],[],,0,0,0,0,0,0
225.3,[],[],[],[],,0,0,0,0,0,0
225.4,[],[],[],[],,0,0,0,0,0,0
225.5,[],[],[],[],,0,0,0,0,0,0
225.6,[],[],[],[],,0,0,0,0,0,0
225.7,[],[],[],[],,0,0,0,0,0,0
225.8,[],[],[],[],,0,0,0,0,0,0
225.9,[],[],[],[],,0,0,0,0,0,0
226.0,[],[],[],[],,0,0,0,0,0,0
226.1,[],[],[],[],,0,0,0,0,0,0
226.2,[],[],[],[],,0,0,0,0,0,0
226.3,[],[],[],[],,0,0,0,0,0,0
226.4,[],[],[],[],,0,0,0,0,0,0
226.5,[],[],[],[],,0,0,0,0,0,0
226.6,[],[],[],[],,0,0,0,0,0,0
226.7,[],[],[],[],,0,0,0,0,0,0
226.8,[],[],[],[],,0,0,0,0,0,0
226.9,[],[],[],[],,0,0,0,0,0,0
227.0,[],[],[],[],,0,0,0,0,0,0
227.1,[],[],[],[],,0,0,0,0,0,0
227.2,[],[],[],[],,0,0,0,0,0,0
227.3,[],[],[],[],,0,0,0,0,0,0
227.4,[],[],[],[],,0,0,0,0,0,0
227.5,[],[],[],[],,0,0,0,0,0,0
227.6,[],[],[],[],,0,0,0,0,0,0
227.7,[],[],[],[],,0,0,0,0,0,0
227.8,[],[],[],[],,0,0,0,0,0,0
227.9,[],[],[],[],,0,0,0,0,0,0
228.0,[],[],[],[],,0,0,0,0,0,0
228.1,[],[],[],[],,0,0,0,0,0,0
228.2,[],[],[],[],,0,0,0,0,0,0
228.3,[],[],[],[],,0,0,0,0,0,0
228.4,[],[],[],[],,0,0,0,0,0,0
228.5,[],[],[],[],,0,0,0,0,0,0
228.6,[],[],[],[],,0,0,0,0,0,0
228.7,[],[],[],[],,0,0,0,0,0,0
228.8,[],[],[],[],,0,0,0,0,0,0
228.9,[],[],[],[],,0,0,0,0,0,0
229.0,[],[],[],[],,0,0,0,0,0,0
229.1,[],[],[],[],,0,0,0,0,0,0
229.2,[],[],[],[],,0,0,0,0,0,0
229.3,[],[],[],[],,0,0,0,0,0,0
229.4,[],[],[],[],,0,0,0,0,0,0
229.5,[],[],[],[],,0,0,0,0,0,0
229.6,[],[],[],[],,0,0,0,0,0,0
229.7,[],[],[],[],,0,0,0,0,0,0
229.8,[],[],[],[],,0,0,0,0,0,0
229.9,[],[],[],[],,0,0,0,0,0,0
230.0,[],[],[],[],,0,0,0,0,0,0
230.1,[],[],[],[],,0,0,0,0,0,0
230.2,[],[],[],[],,0,0,0,0,0,0
230.3,[],[],[],[],,0,0,0,0,0,0
230.4,[],[],[],[],,0,0,0,0,0,0
230.5,[],[],[],[],,0,0,0,0,0,0
230.6,[],[],[],[],,0,0,0,0,0,0
230.7,[],[],[],[],,0,0,0,0,0,0
230.8,[],[],[],[],,0,0,0,0,0,0
230.9,[],[],[],[],,0,0,0,0,0,0
231.0,[],[],[],[],,0,0,0,0,0,0
231.1,[],[],[],[],,0,0,0,0,0,0
231.2,[],[],[],[],,0,0,0,0,0,0
231.3,[],[],[],[],,0,0,0,0,0,0
231.4,[],[],[],[],,0,0,0,0,0,0
231.5,[],[],[],[],,0,0,0,0,0,0
231.6,[],[],[],[],,0,0,0,0,0,0
231.7,[],[],[],[],,0,0,0,0,0,0
231.8,[],[],[],[],,0,0,0,0,0,0
231.9,[],[],[],[],,0,0,0,0,0,0
232.0,[],[],[],[],,0,0,0,0,0,0
232.1,[],[],[],[],,0,0,0,0,0,0
232.2,[],[],[],[],,0,0,0,0,0,0
232.3,[],[],[],[],,0,0,0,0,0,0
232.4,[],[],[],[],,0,0,0,0,0,0
232.5,[],[],[],[],,0,0,0,0,0,0
232.6,[],[],[],[],,0,0,0,0,0,0
232.7,[],[],[],[],,0,0,0,0,0,0
232.8,[],[],[],[],,0,0,0,0,0,0
232.9,[],[],[],[],,0,0,0,0,0,0
233.0,[],[],[],[],,0,0,0,0,0,0
233.1,[],[],[],[],,0,0,0,0,0,0
233.2,[],[],[],[],,0,0,0,0,0,0
233.3,[],[],[],[],,0,0,0,0,0,0
233.4,[],[],[],[],,0,0,0,0,0,0
233.5,[],[],[],[],,0,0,0,0,0,0
233.6,[],[],[],[],,0,0,0,0,0,0
233.7,[],[],[],[],,0,0,0,0,0,0
233.8,[],[],[],[],,0,0,0,0,0,0
233.9,[],[],[],[],,0,0,0,0,0,0
234.0,[],[],[],[],,0,0,0,0,0,0
234.1,[],[],[],[],,0,0,0,0,0,0
234.2,[],[],[],[],,0,0,0,0,0,0
234.3,[],[],[],[],,0,0,0,0,0,0
234.4,[],[],[],[],,0,0,0,0,0,0
234.5,[],[],[],[],,0,0,0,0,0,0
234.6,[],[],[],[],,0,0,0,0,0,0
234.7,[],[],[],[],,0,0,0,0,0,0
234.8,[],[],[],[],,0,0,0,0,0,0
234.9,[],[],[],[],,0,0,0,0,0,0
235.0,[],[],[],[],,0,0,0,0,0,0
235.1,[],[],[],[],,0,0,0,0,0,0
235.2,[],[],[],[],,0,0,0,0,0,0
235.3,[],[],[],[],,0,0,0,0,0,0
235.4,[],[],[],[],,0,0,0,0,0,0
235.5,[],[],[],[],,0,0,0,0,0,0
235.6,[],[],[],[],,0,0,0,0,0,0
235.7,[],[],[],[],,0,0,0,0,0,0
235.8,[],[],[],[],,0,0,0,0,0,0
235.9,[],[],[],[],,0,0,0,0,0,0
236.0,[],[],[],[],,0,0,0,0,0,0
236.1,[],[],[],[],,0,0,0,0,0,0
236.2,[],[],[],[],,0,0,0,0,0,0
236.3,[],[],[],[],,0,0,0,0,0,0
236.4,[],[],[],[],,0,0,0,0,0,0
236.5,[],[],[],[],,0,0,0,0,0,0
236.6,[],[],[],[],,0,0,0,0,0,0
236.7,[],[],[],[],,0,0,0,0,0,0
236.8,[],[],[],[],,0,0,0,0,0,0
236.9,[],[],[],[],,0,0,0,0,0,0
237.0,[],[],[],[],,0,0,0,0,0,0
237.1,[],[],[],[],,0,0,0,0,0,0
237.2,[],[],[],[],,0,0,0,0,0,0
237.3,[],[],[],[],,0,0,0,0,0,0
237.4,[],[],[],[],,0,0,0,0,0,0
237.5,[],[],[],[],,0,0,0,0,0,0
237.6,[],[],[],[],,0,0,0,0,0,0
237.7,[],[],[],[],,0,0,0,0,0,0
237.8,[],[],[],[],,0,0,0,0,0,0
237.9,[],[],[],[],,0,0,0,0,0,0
238.0,[],[],[],[],,0,0,0,0,0,0
238.1,[],[],[],[],,0,0,0,0,0,0
238.2,[],[],[],[],,0,0,0,0,0,0
238.3,[],[],[],[],,0,0,0,0,0,0
238.4,[],[],[],[],,0,0,0,0,0,0
238.5,[],[],[],[],,0,0,0,0,0,0
238.6,[],[],[],[],,0,0,0,0,0,0
238.7,[],[],[],[],,0,0,0,0,0,0
238.8,[],[],[],[],,0,0,0,0,0,0
238.9,[],[],[],[],,0,0,0,0,0,0
239.0,[],[],[],[],,0,0,0,0,0,0
239.1,[],[],[],[],,0,0,0,0,0,0
239.2,[],[],[],[],,0,0,0,0,0,0
239.3,[],[],[],[],,0,0,0,0,0,0
239.4,[],[],[],[],,0,0,0,0,0,0
239.5,[],[],[],[],,0,0,0,0,0,0
239.6,[],[],[],[],,0,0,0,0,0,0
239.7,[],[],[],[],,0,0,0,0,0,0
239.8,[],[],[],[],,0,0,0,0,0,0
239.9,[],[],[],[],,0,0,0,0,0,0
240.0,[],[],[],[],,0,0,0,0,0,0
240.1,[],[],[],[],,0,0,0,0,0,0
240.2,[],[],[],[],,0,0,0,0,0,0
240.3,[],[],[],[],,0,0,0,0,0,0
240.4,[],[],[],[],,0,0,0,0,0,0
240.5,[],[],[],[],,0,0,0,0,0,0
240.6,[],[],[],[],,0,0,0,0,0,0
240.7,[],[],[],[],,0,0,0,0,0,0
240.8,[],[],[],[],,0,0,0,0,0,0
240.9,[],[],[],[],,0,0,0,0,0,0
241.0,[],[],[],[],,0,0,0,0,0,0
241.1,[],[],[],[],,0,0,0,0,0,0
241.2,[],[],[],[],,0,0,0,0,0,0
241.3,[],[],[],[],,0,0,0,0,0,0
241.4,[],[],[],[],,0,0,0,0,0,0
241.5,[],[],[],[],,0,0,0,0,0,0
241.6,[],[],[],[],,0,0,0,0,0,0
241.7,[],[],[],[],,0,0,0,0,0,0
241.8,[],[],[],[],,0,0,0,0,0,0
241.9,[],[],[],[],,0,0,0,0,0,0
242.0,[],[],[],[],,0,0,0,0,0,0
242.1,[],[],[],[],,0,0,0,0,0,0
242.2,[],[],[],[],,0,0,0,0,0,0
242.3,[],[],[],[],,0,0,0,0,0,0
242.4,[],[],[],[],,0,0,0,0,0,0
242.5,[],[],[],[],,0,0,0,0,0,0
242.6,[],[],[],[],,0,0,0,0,0,0
242.7,[],[],[],[],,0,0,0,0,0,0
242.8,[],[],[],[],,0,0,0,0,0,0
242.9,[],[],[],[],,0,0,0,0,0,0
243.0,[],[],[],[],,0,0,0,0,0,0
243.1,[],[],[],[],,0,0,0,0,0,0
243.2,[],[],[],[],,0,0,0,0,0,0
243.3,[],[],[],[],,0,0,0,0,0,0
243.4,[],[],[],[],,0,0,0,0,0,0
243.5,[],[],[],[],,0,0,0,0,0,0
243.6,[],[],[],[],,0,0,0,0,0,0
243.7,[],[],[],[],,0,0,0,0,0,0
243.8,[],[],[],[],,0,0,0,0,0,0
243.9,[],[],[],[],,0,0,0,0,0,0
244.0,[],[],[],[],,0,0,0,0,0,0
244.1,[],[],[],[],,0,0,0,0,0,0
244.2,[],[],[],[],,0,0,0,0,0,0
244.3,[],[],[],[],,0,0,0,0,0,0
244.4,[],[],[],[],,0,0,0,0,0,0
244.5,[],[],[],[],,0,0,0,0,0,0
244.6,[],[],[],[],,0,0,0,0,0,0
244.7,[],[],[],[],,0,0,0,0,0,0
244.8,[],[],[],[],,0,0,0,0,0,0
244.9,[],[],[],[],,0,0,0,0,0,0
245.0,[],[],[],[],,0,0,0,0,0,0
245.1,[],[],[],[],,0,0,0,0,0,0
245.2,[],[],[],[],,0,0,0,0,0,0
245.3,[],[],[],[],,0,0,0,0,0,0
245.4,[],[],[],[],,0,0,0,0,0,0
245.5,[],[],[],[],,0,0,0,0,0,0
245.6,[],[],[],[],,0,0,0,0,0,0
245.7,[],[],[],[],,0,0,0,0,0,0
245.8,[],[],[],[],,0,0,0,0,0,0
245.9,[],[],[],[],,0,0,0,0,0,0
246.0,[],[],[],[],,0,0,0,0,0,0
246.1,[],[],[],[],,0,0,0,0,0,0
246.2,[],[],[],[],,0,0,0,0,0,0
246.3,[],[],[],[],,0,0,0,0,0,0
246.4,[],[],[],[],,0,0,0,0,0,0
246.5,[],[],[],[],,0,0,0,0,0,0
246.6,[],[],[],[],,0,0,0,0,0,0
246.7,[],[],[],[],,0,0,0,0,0,0
246.8,[],[],[],[],,0,0,0,0,0,0
246.9,[],[],[],[],,0,0,0,0,0,0
247.0,[],[],[],[],,0,0,0,0,0,0
247.1,[],[],[],[],,0,0,0,0,0,0
247.2,[],[],[],[],,0,0,0,0,0,0
247.3,[],[],[],[],,0,0,0,0,0,0
247.4,[],[],[],[],,0,0,0,0,0,0
247.5,[],[],[],[],,0,0,0,0,0,0
247.6,[],[],[],[],,0,0,0,0,0,0
247.7,[],[],[],[],,0,0,0,0,0,0
247.8,[],[],[],[],,0,0,0,0,0,0
247.9,[],[],[],[],,0,0,0,0,0,0
248.0,[],[],[],[],,0,0,0,0,0,0
248.1,[],[],[],[],,0,0,0,0,0,0
248.2,[],[],[],[],,0,0,0,0,0,0
248.3,[],[],[],[],,0,0,0,0,0,0
248.4,[],[],[],[],,0,0,0,0,0,0
248.5,[],[],[],[],,0,0,0,0,0,0
248.6,[],[],[],[],,0,0,0,0,0,0
248.7,[],[],[],[],,0,0,0,0,0,0
248.8,[],[],[],[],,0,0,0,0,0,0
248.9,[],[],[],[],,0,0,0,0,0,0
249.0,[],[],[],[],,0,0,0,0,0,0
249.1,[],[],[],[],,0,0,0,0,0,0
249.2,[],[],[],[],,0,0,0,0,0,0
249.3,[],[],[],[],,0,0,0,0,0,0
249.4,[],[],[],[],,0,0,0,0,0,0
249.5,[],[],[],[],,0,0,0,0,0,0
249.6,[],[],[],[],,0,0,0,0,0,0
249.7,[],[],[],[],,0,0,0,0,0,0
249.8,[],[],[],[],,0,0,0,0,0,0
249.9,[],[],[],[],,0,0,0,0,0,0
250.0,[],[],[],[],,0,0,0,0,0,0
250.1,[],[],[],[],,0,0,0,0,0,0
250.2,[],[],[],[],,0,0,0,0,0,0
250.3,[],[],[],[],,0,0,0,0,0,0
250.4,[],[],[],[],,0,0,0,0,0,0
250.5,[],[],[],[],,0,0,0,0,0,0
250.6,[],[],[],[],,0,0,0,0,0,0
250.7,[],[],[],[],,0,0,0,0,0,0
250.8,[],[],[],[],,0,0,0,0,0,0
250.9,[],[],[],[],,0,0,0,0,0,0
251.0,[],[],[],[],,0,0,0,0,0,0
251.1,[],[],[],[],,0,0,0,0,0,0
251.2,[],[],[],[],,0,0,0,0,0,0
251.3,[],[],[],[],,0,0,0,0,0,0
251.4,[],[],[],[],,0,0,0,0,0,0
251.5,[],[],[],[],,0,0,0,0,0,0
251.6,[],[],[],[],,0,0,0,0,0,0
251.7,[],[],[],[],,0,0,0,0,0,0
251.8,[],[],[],[],,0,0,0,0,0,0
251.9,[],[],[],[],,0,0,0,0,0,0
252.0,[],[],[],[],,0,0,0,0,0,0
252.1,[],[],[],[],,0,0,0,0,0,0
252.2,[],[],[],[],,0,0,0,0,0,0
252.3,[],[],[],[],,0,0,0,0,0,0
252.4,[],[],[],[],,0,0,0,0,0,0
252.5,[],[],[],[],,0,0,0,0,0,0
252.6,[],[],[],[],,0,0,0,0,0,0
252.7,[],[],[],[],,0,0,0,0,0,0
252.8,[],[],[],[],,0,0,0,0,0,0
252.9,[],[],[],[],,0,0,0,0,0,0
253.0,[],[],[],[],,0,0,0,0,0,0
253.1,[],[],[],[],,0,0,0,0,0,0
253.2,[],[],[],[],,0,0,0,0,0,0
253.3,[],[],[],[],,0,0,0,0,0,0
253.4,[],[],[],[],,0,0,0,0,0,0
253.5,[],[],[],[],,0,0,0,0,0,0
253.6,[],[],[],[],,0,0,0,0,0,0
253.7,[],[],[],[],,0,0,0,0,0,0
253.8,[],[],[],[],,0,0,0,0,0,0
253.9,[],[],[],[],,0,0,0,0,0,0
254.0,[],[],[],[],,0,0,0,0,0,0
254.1,[],[],[],[],,0,0,0,0,0,0
254.2,[],[],[],[],,0,0,0,0,0,0
254.3,[],[],[],[],,0,0,0,0,0,0
254.4,[],[],[],[],,0,0,0,0,0,0
254.5,[],[],[],[],,0,0,0,0,0,0
254.6,[],[],[],[],,0,0,0,0,0,0
254.7,[],[],[],[],,0,0,0,0,0,0
254.8,[],[],[],[],,0,0,0,0,0,0
254.9,[],[],[],[],,0,0,0,0,0,0
255.0,[],[],[],[],,0,0,0,0,0,0
255.1,[],[],[],[],,0,0,0,0,0,0
255.2,[],[],[],[],,0,0,0,0,0,0
255.3,[],[],[],[],,0,0,0,0,0,0
255.4,[],[],[],[],,0,0,0,0,0,0
255.5,[],[],[],[],,0,0,0,0,0,0
255.6,[],[],[],[],,0,0,0,0,0,0
255.7,[],[],[],[],,0,0,0,0,0,0
255.8,[],[],[],[],,0,0,0,0,0,0
255.9,[],[],[],[],,0,0,0,0,0,0
256.0,[],[],[],[],,0,0,0,0,0,0
256.1,[],[],[],[],,0,0,0,0,0,0
256.2,[],[],[],[],,0,0,0,0,0,0
256.3,[],[],[],[],,0,0,0,0,0,0
256.4,[],[],[],[],,0,0,0,0,0,0
256.5,[],[],[],[],,0,0,0,0,0,0
256.6,[],[],[],[],,0,0,0,0,0,0
256.7,[],[],[],[],,0,0,0,0,0,0
256.8,[],[],[],[],,0,0,0,0,0,0
256.9,[],[],[],[],,0,0,0,0,0,0
257.0,[],[],[],[],,0,0,0,0,0,0
257.1,[],[],[],[],,0,0,0,0,0,0
257.2,[],[],[],[],,0,0,0,0,0,0
257.3,[],[],[],[],,0,0,0,0,0,0
257.4,[],[],[],[],,0,0,0,0,0,0
257.5,[],[],[],[],,0,0,0,0,0,0
257.6,[],[],[],[],,0,0,0,0,0,0
257.7,[],[],[],[],,0,0,0,0,0,0
257.8,[],[],[],[],,0,0,0,0,0,0
257.9,[],[],[],[],,0,0,0,0,0,0
258.0,[],[],[],[],,0,0,0,0,0,0
258.1,[],[],[],[],,0,0,0,0,0,0
258.2,[],[],[],[],,0,0,0,0,0,0
258.3,[],[],[],[],,0,0,0,0,0,0
258.4,[],[],[],[],,0,0,0,0,0,0
258.5,[],[],[],[],,0,0,0,0,0,0
258.6,[],[],[],[],,0,0,0,0,0,0
258.7,"['note_on', 'note_on']","[0, 0]","[48, 72]","[47, 58]",p,0,2,0,0,0,0
258.8,"['note_on', 'note_on', 'note_on']","[0, 0, 0]","[36, 67, 64]","[49, 53, 39]",pp,0,3,0,0,"[122, 112, 102, 90, 78, 64, 50]",0
258.9,[],[],[],[],,0,0,0,0,"[36, 22, 10, 1, 0]",0
259.0,[],[],[],[],,0,0,0,0,0,0
259.1,[],[],[],[],,0,0,0,0,0,0
259.2,[],[],[],[],,0,0,0,0,0,0
259.3,[],[],[],[],,0,0,0,0,0,0
259.4,[],[],[],[],,0,0,0,0,0,0
259.5,[],[],[],[],,0,0,0,0,0,0
259.6,[],[],[],[],,0,0,0,0,0,0
259.7,[],[],[],[],,0,0,0,0,0,0
259.8,[],[],[],[],,0,0,0,0,0,0
259.9,[],[],[],[],,0,0,0,0,0,0
260.0,[],[],[],[],,0,0,0,0,0,0
260.1,[],[],[],[],,0,0,0,0,0,0
260.2,[],[],[],[],,0,0,0,0,0,0
260.3,[],[],[],[],,0,0,0,0,0,0
260.4,[],[],[],[],,0,0,0,0,0,0
260.5,[],[],[],[],,0,0,0,0,0,0
260.6,[],[],[],[],,0,0,0,0,0,0
260.7,[],[],[],[],,0,0,0,0,0,0
260.8,[],[],[],[],,0,0,0,0,0,0
260.9,[],[],[],[],,0,0,0,0,0,0
261.0,[],[],[],[],,0,0,0,0,0,0
261.1,[],[],[],[],,0,0,0,0,0,0
261.2,[],[],[],[],,0,0,0,0,0,0
261.3,[],[],[],[],,0,0,0,0,0,0
261.4,[],[],[],[],,0,0,0,0,0,0
261.5,[],[],[],[],,0,0,0,0,0,0
261.6,[],[],[],[],,0,0,0,0,0,0
261.7,[],[],[],[],,0,0,0,0,0,0
261.8,[],[],[],[],,0,0,0,0,0,0
261.9,[],[],[],[],,0,0,0,0,0,0
262.0,[],[],[],[],,0,0,0,0,0,0
262.1,[],[],[],[],,0,0,0,0,0,0
262.2,[],[],[],[],,0,0,0,0,0,0
262.3,[],[],[],[],,0,0,0,0,0,0
262.4,[],[],[],[],,0,0,0,0,0,0
262.5,[],[],[],[],,0,0,0,0,0,0
262.6,[],[],[],[],,0,0,0,0,0,0
262.7,[],[],[],[],,0,0,0,0,0,0
262.8,[],[],[],[],,0,0,0,0,0,0
262.9,[],[],[],[],,0,0,0,0,0,0
263.0,[],[],[],[],,0,0,0,0,0,0
263.1,[],[],[],[],,0,0,0,0,0,0
263.2,[],[],[],[],,0,0,0,0,0,0
263.3,[],[],[],[],,0,0,0,0,0,0
263.4,[],[],[],[],,0,0,0,0,0,0
263.5,[],[],[],[],,0,0,0,0,0,0
263.6,[],[],[],[],,0,0,0,0,0,0
263.7,[],[],[],[],,0,0,0,0,0,0
263.8,[],[],[],[],,0,0,0,0,0,0
263.9,[],[],[],[],,0,0,0,0,0,0
264.0,[],[],[],[],,0,0,0,0,0,0
264.1,[],[],[],[],,0,0,0,0,0,0
264.2,[],[],[],[],,0,0,0,0,0,0
264.3,[],[],[],[],,0,0,0,0,0,0
264.4,[],[],[],[],,0,0,0,0,0,0
264.5,[],[],[],[],,0,0,0,0,0,0
264.6,[],[],[],[],,0,0,0,0,0,0
